SET FOREIGN_KEY_CHECKS = 0;

INSERT INTO `lw_bans` (`addr`, `expires`, `created_at`, `attempts`, `reason`)
VALUES ('78.237.96.161', '2024-05-11 13:22:43', '2021-01-23 04:57:48', 0, 'SQL injection'),
       ('222.184.105.9', '2025-07-09 16:04:28', '2020-12-21 22:02:47', 0, 'SQL injection'),
       ('50.152.129.184', '2027-03-11 20:13:24', '2020-04-19 10:12:47', 0, 'SQL injection'),
       ('9.174.42.119', '2023-04-17 19:25:22', '2020-12-20 11:06:33', 0, 'SQL injection'),
       ('174.178.53.245', '2030-09-13 01:09:49', '2020-07-14 19:19:57', 0, 'SQL injection'),
       ('7.155.235.6', '2030-02-09 20:52:22', '2020-09-08 00:57:36', 0, 'SQL injection'),
       ('111.114.109.179', '2029-10-01 00:15:13', '2021-01-31 13:08:10', 0, 'SQL injection'),
       ('166.27.62.166', '2028-07-02 15:51:27', '2020-08-24 02:24:51', 0, 'SQL injection'),
       ('179.243.153.100', '2022-08-28 20:58:18', '2020-05-21 10:50:15', 0, 'SQL injection'),
       ('128.23.35.138', '2027-12-19 04:41:09', '2020-03-10 00:18:46', 0, 'SQL injection');

INSERT INTO `lw_bounces` (`bounce_id`, `email`, `received`, `code`, `description`)
VALUES (1, 'plehner@example.org', '2018-10-20 18:26:36', '4.1.2', 'Transient Persistent Failure: Bad destination system address'),
       (2, 'lstrosin@example.org', '2020-12-08 18:07:59', '5.4.1', 'Permanent Failure: No answer from host'),
       (3, 'sandy69@example.net', '2020-11-28 18:33:35', '5.4.1', 'Permanent Failure: No answer from host'),
       (4, 'larue.murazik@example.net', '2020-10-27 09:39:38', '5.1.1', 'Permanent Failure: Bad destination mailbox address'),
       (5, NULL, '2020-07-12 21:11:02', '5.0.0', 'Permanent Failure: Unspecified mailing error'),
       (6, 'bryana88@example.com', '2019-05-20 14:48:54', '5.4.1', 'Permanent Failure: No answer from host'),
       (7, 'hans15@example.net', '2020-06-15 18:25:12', '5.1.10', 'Permanent Failure: Unspecified mailing error'),
       (8, NULL, '2019-09-30 17:23:22', '5.0.0', 'Permanent Failure: Unspecified mailing error'),
       (9, NULL, '2020-10-12 11:55:59', '5.0.0', 'Permanent Failure: Unspecified mailing error'),
       (10, 'nitzsche.jarod@example.org', '2019-03-23 18:16:24', '4.1.2', 'Transient Persistent Failure: Bad destination system address');

INSERT INTO `lw_comment` (`comment_id`, `resource_id`, `user_id`, `text`, `created_at`)
VALUES (1, 1, 1, 'Lets get you into a', '2021-02-19 17:53:56'),
       (2, 2, 1, 'Common, common lets go.', '2021-02-19 17:54:54'),
       (3, 2, 1, 'That is private resource, no one else can comment 😭', '2021-02-19 17:55:25'),
       (4, 1, 4, 'Uh, well, I have not finished', '2021-02-19 17:57:25'),
       (5, 1, 4, 'What, right here right now', '2021-02-19 17:58:52'),
       (6, 6, 4, 'Do not tell me anything.', '2021-02-19 18:06:17'),
       (7, 6, 4, 'Now Biff, do not con me.', '2021-02-19 18:06:24'),
       (8, 6, 4, 'augue aliquam erat volutpat in', '2021-02-19 18:06:43'),
       (9, 6, 6, 'https://satoristudio.net/delorean-ipsum/', '2021-02-19 18:38:44'),
       (10, 6, 6, 'The keys are in the', '2021-02-19 18:40:36');

INSERT INTO `lw_course` (`course_id`, `title`, `options_field1`, `organisation_id`, `default_group_id`, `reg_wizard`, `next_x_users_become_moderator`, `welcome_message`, `updated_at`, `created_at`)
VALUES (1, 'Public', 17, 1, NULL, 'public', 0, 'Welcome to the public course', '2019-11-27 20:38:07', '2019-11-27 20:38:07'),
       (2, 'Vel possimus', 53, 2, NULL, NULL, 3, 'Excepturi blanditiis eos veniam ut.', '2021-02-06 14:42:33', '2020-04-16 16:35:42'),
       (3, 'Nulla earum ratione', 53, 2, NULL, 'eius', 0, 'Velit alias asperiores ut in sunt et ratione ut.', '2021-02-04 01:02:29', '2020-06-29 14:47:29'),
       (4, 'Corporis sit', 0, 1, NULL, 'officiis', 1, 'Doloribus fugiat eligendi aliquam aliquam maxime.', '2021-02-01 07:04:25', '2021-02-06 12:59:48'),
       (5, 'Quia sapiente', 2, 1, NULL, NULL, 0, 'Ad sequi doloremque omnis enim vel eius.', '2021-01-27 13:45:04', '2020-03-16 15:18:26'),
       (6, 'Itaque cum', 49, 1, NULL, 'nobis', 0, 'Sint reprehenderit tenetur porro.', '2021-01-25 21:51:39', '2020-03-12 20:13:44'),
       (7, 'Id quis quidem', 17, 2, NULL, 'sequi', 1, 'Quasi vero beatae minus porro dolores ut unde ipsam.', '2021-02-09 01:09:08', '2020-10-28 16:49:18'),
       (8, 'Rerum praesentium qui', 273, 3, NULL, 'est', 0, 'Qui aut quibusdam dolorem ducimus omnis quia atque.', '2021-02-13 20:50:52', '2020-07-26 01:47:07'),
       (9, 'Quia quo nulla', 49, 1, NULL, 'quo', 1, 'Aperiam iure reprehenderit numquam molestiae laborum.', '2021-02-10 07:54:11', '2020-05-29 04:59:29'),
       (10, 'Deleniti temporibus', 17, 1, NULL, 'harum', 0, 'Quisquam excepturi qui porro quia occaecati nulla placeat ut.', '2021-02-01 12:59:04', '2020-09-04 11:22:20');

INSERT INTO `lw_file` (`file_id`, `type`, `name`, `mime_type`, `created_at`)
VALUES (1, 'THUMBNAIL_LARGE', 'thumbnail4.png', 'image/png', '2021-02-19 17:52:47'),
       (2, 'THUMBNAIL_SMALL', 'thumbnail0.png', 'image/png', '2021-02-19 17:52:47'),
       (3, 'THUMBNAIL_MEDIUM', 'thumbnail2.png', 'image/png', '2021-02-19 17:52:48'),
       (4, 'THUMBNAIL_LARGE', 'thumbnail4.png', 'image/png', '2021-02-19 17:54:29'),
       (5, 'THUMBNAIL_SMALL', 'thumbnail0.png', 'image/png', '2021-02-19 17:54:29'),
       (6, 'THUMBNAIL_MEDIUM', 'thumbnail2.png', 'image/png', '2021-02-19 17:54:29'),
       (7, 'THUMBNAIL_LARGE', 'thumbnail4.png', 'image/png', '2021-02-19 17:56:36'),
       (8, 'THUMBNAIL_SMALL', 'thumbnail0.png', 'image/png', '2021-02-19 17:56:36'),
       (9, 'THUMBNAIL_MEDIUM', 'thumbnail2.png', 'image/png', '2021-02-19 17:56:37'),
       (10, 'MAIN', 'Screenshot 2021-02-19 175929.png', 'image/png', '2021-02-19 18:03:14'),
       (11, 'THUMBNAIL_LARGE', 'thumbnail4.png', 'image/png', '2021-02-19 18:03:14'),
       (12, 'THUMBNAIL_SMALL', 'thumbnail0.png', 'image/png', '2021-02-19 18:03:14'),
       (13, 'THUMBNAIL_MEDIUM', 'thumbnail2.png', 'image/png', '2021-02-19 18:03:14'),
       (14, 'MAIN', 'Screenshot 2021-02-19 180005.png', 'image/png', '2021-02-19 18:04:14'),
       (15, 'THUMBNAIL_LARGE', 'thumbnail4.png', 'image/png', '2021-02-19 18:04:14'),
       (16, 'THUMBNAIL_SMALL', 'thumbnail0.png', 'image/png', '2021-02-19 18:04:14'),
       (17, 'THUMBNAIL_MEDIUM', 'thumbnail2.png', 'image/png', '2021-02-19 18:04:14'),
       (18, 'MAIN', 'Screenshot 2021-02-19 180048.png', 'image/png', '2021-02-19 18:04:28'),
       (19, 'THUMBNAIL_LARGE', 'thumbnail4.png', 'image/png', '2021-02-19 18:04:28'),
       (20, 'THUMBNAIL_SMALL', 'thumbnail0.png', 'image/png', '2021-02-19 18:04:28'),
       (21, 'THUMBNAIL_MEDIUM', 'thumbnail2.png', 'image/png', '2021-02-19 18:04:28'),
       (22, 'MAIN', 'Screenshot 2021-02-19 180230.png', 'image/png', '2021-02-19 18:04:39'),
       (23, 'THUMBNAIL_LARGE', 'thumbnail4.png', 'image/png', '2021-02-19 18:04:39'),
       (24, 'THUMBNAIL_SMALL', 'thumbnail0.png', 'image/png', '2021-02-19 18:04:39'),
       (25, 'THUMBNAIL_MEDIUM', 'thumbnail2.png', 'image/png', '2021-02-19 18:04:39'),
       (26, 'MAIN', 'Screenshot 2021-02-19 180254.png', 'image/png', '2021-02-19 18:04:53'),
       (27, 'THUMBNAIL_LARGE', 'thumbnail4.png', 'image/png', '2021-02-19 18:04:53'),
       (28, 'THUMBNAIL_SMALL', 'thumbnail0.png', 'image/png', '2021-02-19 18:04:53'),
       (29, 'THUMBNAIL_MEDIUM', 'thumbnail2.png', 'image/png', '2021-02-19 18:04:53');

INSERT INTO `lw_resource_file` (`resource_id`, `file_id`)
VALUES (1, 1),
       (1, 2),
       (1, 3),
       (2, 4),
       (2, 5),
       (2, 6),
       (3, 7),
       (3, 8),
       (3, 9),
       (4, 10),
       (4, 11),
       (4, 12),
       (4, 13),
       (5, 14),
       (5, 15),
       (5, 16),
       (5, 17),
       (6, 18),
       (6, 19),
       (6, 20),
       (6, 21),
       (7, 22),
       (7, 23),
       (7, 24),
       (7, 25),
       (8, 26),
       (8, 27),
       (8, 28),
       (8, 29);

INSERT INTO `lw_forum_post` (`post_id`, `deleted`, `topic_id`, `user_id`, `text`, `category`, `created_at`, `updated_at`, `edit_count`, `edit_user_id`)
VALUES (1, 0, 1, 4, '<p>Maecenas tristique, est et tempus semper, est quam pharetra magna, ac consequat metus sapien ut nunc. Vestibulum ante ipsum primis in faucibus orci luctus et ultrices posuere cubilia Curae; Mauris viverra diam vitae quam. Suspendisse potenti. Nullam porttitor lacus at turpis. Donec posuere metus vitae ipsum.</p>', NULL, '2021-02-19 18:33:49', '2021-02-19 18:33:49', 0, NULL),
       (2, 0, 2, 4, '<p>Vestibulum rutrum rutrum neque.</p>', NULL, '2021-02-19 18:34:02', '2021-02-19 18:34:02', 0, NULL),
       (3, 0, 2, 1, '<p>Donec ut dolor. Morbi vel lectus in quam fringilla rhoncus. Mauris enim leo, rhoncus sed, vestibulum sit amet, cursus id, turpis. Integer aliquet, massa id lobortis convallis, tortor risus dapibus augue, vel accumsan tellus nisi eu orci. Mauris lacinia sapien quis libero.</p>', NULL, '2021-02-19 18:34:32', '2021-02-19 18:34:32', 0, NULL),
       (4, 0, 2, 1, '<p>Sed sagittis. Nam congue, risus semper porta volutpat, quam pede lobortis ligula, sit amet eleifend pede libero quis orci. Nullam molestie nibh in lectus.</p>', NULL, '2021-02-19 18:34:38', '2021-02-19 18:34:38', 0, NULL),
       (5, 0, 2, 1, '<p>Proin leo odio, porttitor id, consequat in, consequat ut, nulla.</p>', NULL, '2021-02-19 18:34:43', '2021-02-19 18:34:43', 0, NULL),
       (6, 0, 1, 1, '<p>Sed sagittis. Nam congue, risus semper porta volutpat, quam pede lobortis ligula, sit amet eleifend pede libero quis orci. Nullam molestie nibh in lectus. Pellentesque at nulla.</p>', NULL, '2021-02-19 18:34:51', '2021-02-19 18:34:51', 0, NULL),
       (7, 0, 1, 1, '<p>Maecenas tincidunt lacus at velit. Vivamus vel nulla eget eros elementum pellentesque. Quisque porta volutpat erat. Quisque erat eros, viverra eget, congue eget, semper rutrum, nulla. Nunc purus.</p>', NULL, '2021-02-19 18:34:57', '2021-02-19 18:34:57', 0, NULL),
       (8, 0, 3, 1, '<p>Vivamus metus arcu, adipiscing molestie, hendrerit at, vulputate vitae, nisl.</p>', NULL, '2021-02-19 18:35:12', '2021-02-19 18:35:12', 0, NULL),
       (9, 0, 4, 1, '<p>Curabitur convallis. Duis consequat dui nec nisi volutpat eleifend. Donec ut dolor. Morbi vel lectus in quam fringilla rhoncus. Mauris enim leo, rhoncus sed, vestibulum sit amet, cursus id, turpis.</p>', NULL, '2021-02-19 18:35:26', '2021-02-19 18:35:26', 0, NULL),
       (10, 0, 4, 1, '<p>In blandit ultrices enim. Lorem ipsum dolor sit amet, consectetuer adipiscing elit. Proin interdum mauris non ligula pellentesque ultrices.</p>', NULL, '2021-02-19 18:35:32', '2021-02-19 18:35:32', 0, NULL),
       (11, 0, 4, 1, '<p>Donec vitae nisi. Nam ultrices, libero non mattis pulvinar, nulla pede ullamcorper augue, a suscipit nulla elit ac nulla. Sed vel enim sit amet nunc viverra dapibus. Nulla suscipit ligula in lacus. Curabitur at ipsum ac tellus semper interdum.</p>', NULL, '2021-02-19 18:35:38', '2021-02-19 18:35:38', 0, NULL),
       (12, 0, 4, 1, '<blockquote><strong>admin:</strong></blockquote><blockquote>In blandit ultrices enim. Lorem ipsum dolor sit amet, consectetuer adipiscing elit. Proin interdum mauris non ligula pellentesque ultrices.</blockquote><p><br /></p><p>Nulla ut erat id mauris vulputate elementum. Nullam varius.</p>', NULL, '2021-02-19 18:35:57', '2021-02-19 18:35:57', 0, NULL),
       (13, 0, 5, 2, '<p>Nulla suscipit ligula in lacus. Curabitur at ipsum ac tellus semper interdum. Mauris ullamcorper purus sit amet nulla.</p>', NULL, '2021-02-19 18:36:30', '2021-02-19 18:36:30', 0, NULL),
       (14, 0, 5, 2, '<p>Duis bibendum, felis sed interdum venenatis, turpis enim blandit mi, in porttitor pede justo eu massa. Donec dapibus. Duis at velit eu est congue elementum. In hac habitasse platea dictumst. Morbi vestibulum, velit id pretium iaculis, diam erat fermentum justo, nec condimentum neque sapien placerat ante.</p>', NULL, '2021-02-19 18:36:50', '2021-02-19 18:36:50', 0, NULL),
       (15, 0, 5, 2, '<p>In blandit ultrices enim. Lorem ipsum dolor sit amet, consectetuer adipiscing elit. Proin interdum mauris non ligula pellentesque ultrices.</p>', NULL, '2021-02-19 18:36:56', '2021-02-19 18:36:56', 0, NULL);

INSERT INTO `lw_forum_topic` (`topic_id`, `group_id`, `deleted`, `title`, `user_id`, `created_at`, `views`, `replies`, `last_post_id`, `updated_at`, `last_post_user_id`)
VALUES (1, 1, 0, 'Elevator', 4, '2021-02-19 18:33:49', 2, 2, 7, '2021-02-19 18:34:57', 1),
       (2, 1, 0, 'How I Live Now', 4, '2021-02-19 18:34:02', 2, 3, 5, '2021-02-19 18:34:43', 1),
       (3, 1, 0, 'Hair Show', 1, '2021-02-19 18:35:12', 1, 0, NULL, '2021-02-19 18:35:12', 1),
       (4, 1, 0, 'Carnosaur', 1, '2021-02-19 18:35:26', 1, 3, 12, '2021-02-19 18:35:57', 1),
       (5, 7, 0, 'Quisque porta volutpat erat.', 2, '2021-02-19 18:36:30', 1, 2, 15, '2021-02-19 18:36:56', 2);

INSERT INTO `lw_forum_topic_user` (`topic_id`, `user_id`, `last_visit`)
VALUES (1, 1, '2021-02-19 18:34:46'),
       (1, 4, '2021-02-19 18:33:50'),
       (2, 1, '2021-02-19 18:34:14'),
       (2, 4, '2021-02-19 18:34:03'),
       (3, 1, '2021-02-19 18:35:13'),
       (4, 1, '2021-02-19 18:35:27'),
       (5, 2, '2021-02-19 18:36:30');

INSERT INTO `lw_glossary_entry` (`entry_id`, `resource_id`, `original_entry_id`, `edit_user_id`, `user_id`, `deleted`, `topic_one`, `topic_two`, `topic_three`, `description`, `description_pasted`, `created_at`)
VALUES (1, 9, NULL, 4, 4, 0, 'Globalization', '', '', 'Dummy Text', 0, '2021-02-19 18:18:17'),
       (2, 9, NULL, 4, 4, 0, 'Tourism', 'Surroundings', '', 'where you can find minerals', 0, '2021-02-19 18:25:42'),
       (3, 9, NULL, 4, 4, 0, 'Tourism', 'Activities and Tours', '', 'accessories used to swim', 0, '2021-02-19 18:26:32'),
       (4, 9, NULL, 4, 4, 0, 'Environment', '', '', 'the bottom of the sea or the ocean', 0, '2021-02-19 18:27:34'),
       (5, 9, NULL, 4, 4, 0, 'Environment', '', '', 'blue sky with no clouds', 0, '2021-02-19 18:28:52'),
       (6, 9, NULL, 4, 4, 0, 'Environment', '', '', 'when it rains a lot', 0, '2021-02-19 18:29:42'),
       (7, 9, NULL, 4, 4, 0, 'Ecology', '', '', 'a period of unusually hot weather', 0, '2021-02-19 18:30:21'),
       (8, 9, NULL, 4, 4, 0, 'Ecology', '', '', 'when trees are cut down', 0, '2021-02-19 18:30:44'),
       (9, 9, NULL, 4, 4, 0, 'Ecology', '', '', 'when the climate change', 0, '2021-02-19 18:31:40'),
       (10, 9, NULL, 4, 4, 0, 'Tourism', 'Surroundings', '', 'a unit for measuring an area of land, equal to 10,000 square metres', 0, '2021-02-19 18:32:18');

INSERT INTO `lw_glossary_resource` (`resource_id`, `allowed_languages`)
VALUES (9, 'de,en,fr,it,es');

INSERT INTO `lw_glossary_term` (`term_id`, `entry_id`, `original_term_id`, `edit_user_id`, `user_id`, `deleted`, `term`, `language`, `uses`, `pronounciation`, `acronym`, `source`, `phraseology`, `created_at`, `term_pasted`, `pronounciation_pasted`, `acronym_pasted`, `phraseology_pasted`)
VALUES (1, 2, NULL, 4, 4, 0, 'Giacimento minerale', 'it', '', '', '', 'encyclopaedia', '', '2021-02-19 18:25:43', 1, 0, 0, 0),
       (2, 2, NULL, 4, 4, 0, 'Mineral deposit', 'en', 'technical', '', '', '', '', '2021-02-19 18:25:43', 1, 0, 0, 0),
       (3, 3, NULL, 4, 4, 0, 'Pinna', 'it', '', '', '', '', '', '2021-02-19 18:26:32', 1, 0, 0, 0),
       (4, 3, NULL, 4, 4, 0, 'Swinfin', 'en', '', '', '', 'Wikipedia', '', '2021-02-19 18:26:32', 1, 0, 0, 0),
       (5, 4, NULL, 4, 4, 0, 'Fondale marino', 'it', '', '', '', 'other', '', '2021-02-19 18:27:34', 1, 0, 0, 0),
       (6, 4, NULL, 4, 4, 0, 'Seabed', 'en', 'technical', '', '', '', '', '2021-02-19 18:27:34', 1, 0, 0, 0),
       (7, 5, NULL, 4, 4, 0, 'Klarer Himmel', 'de', '', '', '', 'Linguee or Reverso', '', '2021-02-19 18:28:52', 1, 0, 0, 0),
       (8, 5, NULL, 4, 4, 0, 'Clear sky', 'en', '', '', '', '', '', '2021-02-19 18:28:52', 1, 0, 0, 0),
       (9, 5, NULL, 4, 4, 0, 'Cielo sereno', 'it', '', '', '', 'Linguee or Reverso', '', '2021-02-19 18:28:52', 1, 0, 0, 0),
       (10, 5, NULL, 4, 4, 0, 'Un ciel clair', 'fr', '', '', '', 'Linguee or Reverso', '', '2021-02-19 18:28:52', 1, 0, 0, 0),
       (11, 6, NULL, 4, 4, 0, 'Piogge abbondanti', 'de', '', '', '', 'bilingual dictionary', '', '2021-02-19 18:29:42', 1, 0, 0, 0),
       (12, 6, NULL, 4, 4, 0, 'Heavy rain', 'en', '', '', '', '', '', '2021-02-19 18:29:42', 1, 0, 0, 0),
       (13, 7, NULL, 4, 4, 0, 'Ondata di caldo', 'it', '', '', '', '', '', '2021-02-19 18:30:21', 1, 0, 0, 0),
       (14, 7, NULL, 4, 4, 0, 'Heathwave', 'en', '', '', '', '', '', '2021-02-19 18:30:21', 1, 0, 0, 0),
       (15, 8, NULL, 4, 4, 0, 'Deforestazione', 'it', '', '', '', '', '', '2021-02-19 18:30:44', 1, 0, 0, 0),
       (16, 8, NULL, 4, 4, 0, 'Deforestation', 'en', '', '', '', '', '', '2021-02-19 18:30:44', 1, 0, 0, 0),
       (17, 9, NULL, 4, 4, 0, 'Cambio climatico', 'it', '', '', '', 'Wikipedia', '', '2021-02-19 18:31:40', 1, 0, 0, 0),
       (18, 9, NULL, 4, 4, 0, 'Climate change', 'en', '', '', '', '', '', '2021-02-19 18:31:40', 1, 0, 0, 0),
       (19, 10, NULL, 4, 4, 0, 'Ettaro', 'it', '', '', '', 'Linguee or Reverso', '', '2021-02-19 18:32:18', 1, 0, 0, 0),
       (20, 10, NULL, 4, 4, 0, 'Hectare', 'en', '', '/ˈhekteə(r)/', '', '', '', '2021-02-19 18:32:18', 1, 0, 0, 0);

INSERT INTO `lw_group` (`group_id`, `deleted`, `title`, `description`, `created_at`, `course_id`, `max_member_count`, `restriction_forum_category_required`, `leader_id`, `policy_add`, `policy_annotate`, `policy_edit`, `policy_join`, `policy_view`, `hypothesis_link`, `hypothesis_token`)
VALUES (1, 0, 'Ventosanzap', '<p><strong>Ut qui voluptas voluptas odio libero necessitatibus temporibus.</strong> Ab cum saepe aliquam non et ea sunt molestiae. Molestiae dolorem eum quaerat.</p>', '2016-03-07 02:39:23', 1, -1, 0, 1, 'GROUP_MEMBERS', 'ALL_LEARNWEB_USERS', 'GROUP_MEMBERS', 'ALL_LEARNWEB_USERS', 'ALL_LEARNWEB_USERS', NULL, NULL),
       (2, 0, 'Dolores optio ipsa illum', '<p>Optio est et ex quae id aut. <strong>Voluptatem nesciunt</strong> quia nulla dolor minus impedit quasi inventore. Vero et eos voluptas veniam harum molestiae dolorum magnam. Animi ea sequi nihil hic</p>', '2016-06-10 23:46:01', 1, 2, 0, 1, 'GROUP_MEMBERS', 'COURSE_MEMBERS', 'GROUP_MEMBERS', 'COURSE_MEMBERS', 'COURSE_MEMBERS', NULL, NULL),
       (3, 1, 'Dolor vel qui mollitia', '<p><s>Pariatur consequatur velit aperiam</s>. Voluptas eligendi doloribus enim dolorem earum. Ullam perspiciatis et et deserunt et modi fugit.</p>', '2016-05-13 22:51:45', 1, -1, 0, 1, 'GROUP_LEADER', 'COURSE_MEMBERS', 'GROUP_LEADER_AND_FILE_OWNER', 'ORGANISATION_MEMBERS', 'ALL_LEARNWEB_USERS', NULL, NULL),
       (4, 0, 'Eius expedita dolor adipisci', '<p>Doloribus et nisi nisi itaque temporibus debitis eaque. Aut temporibus rerum et ullam dolorum rerum aut. Deleniti quo et est. Magnam quia dolores ut numquam nesciunt. Modi qui ullam rerum.</p>', '2018-07-16 16:10:59', 2, 10, 0, 6, 'GROUP_MEMBERS', 'COURSE_MEMBERS', 'GROUP_MEMBERS', 'COURSE_MEMBERS', 'COURSE_MEMBERS', NULL, NULL),
       (5, 0, 'Mollitia qui in', '', '2019-07-30 21:22:55', 2, -1, 0, 6, 'GROUP_MEMBERS', 'GROUP_MEMBERS', 'GROUP_MEMBERS', 'ORGANISATION_MEMBERS', 'ALL_LEARNWEB_USERS', NULL, NULL),
       (6, 0, 'Mollitia eos corrupti esse', '', '2014-01-13 23:41:26', 1, -1, 0, 2, 'GROUP_MEMBERS', 'COURSE_MEMBERS', 'GROUP_MEMBERS', 'COURSE_MEMBERS', 'COURSE_MEMBERS', NULL, NULL),
       (7, 0, 'Ut ut et', '', '2014-02-27 17:55:22', 1, -1, 0, 2, 'GROUP_MEMBERS', 'COURSE_MEMBERS', 'GROUP_MEMBERS', 'NOBODY', 'COURSE_MEMBERS', NULL, NULL),
       (8, 0, 'Quis cupiditate rerum eaque', '<p><strong>Nemo atque et aut eos. Velit et commodi distinctio et nihil quae. Atque qui et perspiciatis non mollitia dolores. Provident ipsa illum sunt doloremque nisi rerum.</strong></p>', '2014-06-29 16:55:33', 1, -1, 0, 2, 'GROUP_MEMBERS', 'COURSE_MEMBERS', 'GROUP_MEMBERS', 'COURSE_MEMBERS', 'COURSE_MEMBERS', NULL, NULL),
       (9, 0, 'Dolor nemo rerum', '<p>Minus ex aut voluptas. Voluptatem dolor amet et ipsam deserunt minus assumenda vel. Et quasi quas quaerat sapiente rem</p>', '2015-12-14 13:30:45', 1, -1, 0, 7, 'GROUP_MEMBERS', 'COURSE_MEMBERS', 'GROUP_MEMBERS', 'COURSE_MEMBERS', 'COURSE_MEMBERS', NULL, NULL),
       (10, 0, 'Culpa et', '<p><em><u>Ad adipisci harum et nobis. Pariatur est et tenetur doloremque ex. Asperiores sint repellendus omnis in quia dolorem. Dignissimos assumenda quae esse ipsa officiis blanditiis debitis.</u></em></p>', '2017-07-19 21:45:31', 1, -1, 0, 1, 'GROUP_MEMBERS', 'COURSE_MEMBERS', 'GROUP_MEMBERS', 'COURSE_MEMBERS', 'COURSE_MEMBERS', NULL, NULL);

INSERT INTO `lw_group_folder` (`folder_id`, `deleted`, `group_id`, `parent_folder_id`, `title`, `description`, `user_id`, `created_at`)
VALUES (1, 0, 1, NULL, 'Sonair', 'Sed vero ut quia.', 1, '2021-02-19 16:11:17'),
       (2, 0, 1, NULL, 'Treeflex', 'Eius animi.', 1, '2021-02-19 16:12:02'),
       (3, 0, 1, NULL, 'Duobam', '', 1, '2021-02-19 16:19:14'),
       (4, 0, 1, 1, 'Andalax', '', 1, '2021-02-19 17:38:09'),
       (5, 0, 1, 1, 'Bigtax', '', 1, '2021-02-19 17:50:22'),
       (6, 0, NULL, NULL, 'Bitchip', '', 1, '2021-02-19 17:50:34'),
       (7, 0, NULL, 6, 'Hatity', '', 1, '2021-02-19 17:50:42'),
       (8, 0, NULL, 6, 'Tresom', 'A hidden folder', 1, '2021-02-19 17:51:03'),
       (9, 0, 1, 3, 'Semper', '', 4, '2021-02-19 18:05:21'),
       (10, 0, 1, 1, 'Adipiscing', '', 4, '2021-02-19 18:05:34');

INSERT INTO `lw_group_user` (`group_id`, `user_id`, `join_time`, `last_visit`, `notification_frequency`)
VALUES (1, 1, '2021-02-19 16:01:37', '2021-02-19 16:52:55', 'NEVER'),
       (1, 4, '2021-02-19 17:57:13', '2021-02-19 17:32:47', 'NEVER'),
       (1, 6, '2021-02-19 16:03:30', '2021-02-19 15:03:29', 'NEVER'),
       (2, 1, '2021-02-19 16:02:33', '2021-02-19 15:12:15', 'NEVER'),
       (4, 6, '2021-02-19 16:03:43', '1970-01-01 01:00:01', 'NEVER'),
       (5, 6, '2021-02-19 16:03:52', '1970-01-01 01:00:01', 'NEVER'),
       (6, 2, '2021-02-19 16:04:22', '2021-02-19 17:36:16', 'NEVER'),
       (7, 2, '2021-02-19 16:04:31', '2021-02-19 17:36:58', 'NEVER'),
       (8, 2, '2021-02-19 16:04:53', '1970-01-01 01:00:01', 'NEVER'),
       (9, 7, '2021-02-19 16:05:26', '1970-01-01 01:00:01', 'NEVER'),
       (10, 1, '2021-02-19 16:06:37', '2021-02-19 15:10:58', 'NEVER');

INSERT INTO `lw_message` (`message_id`, `sender_user_id`, `recipient_user_id`, `title`, `text`, `seen`, `created_at`)
VALUES (1, 6, 8, 'Dolorum maxime.', 'Sed eos vitae voluptatem qui et est. Aliquid nam officiis dolore ipsa. Repellat ab tenetur eveniet nostrum.', 1, '2016-02-14 19:34:25'),
       (2, 1, 2, 'Qui eaque rerum.', 'Doloribus aliquid harum cum facere totam est minus. Eveniet aut ab et fugiat dicta quia accusamus. Et consequatur eligendi in.', 0, '2013-06-11 09:07:06'),
       (3, 1, 7, 'Omnis sit dolorum commodi.', 'Eos velit aut rerum ut ullam non. Aut repellat labore earum quasi autem sed libero.', 0, '2019-01-04 11:00:47'),
       (4, 3, 1, 'Labore enim esse.', 'Voluptatem et labore sed est doloribus perferendis. Impedit quia qui iure inventore esse. Dicta optio aut sit est. Reprehenderit quibusdam est illum quia quasi est quis.', 0, '2021-01-26 11:57:36'),
       (5, 2, 3, 'Expedita atque porro vero.', 'Soluta dicta occaecati optio ullam quae quia. Officiis pariatur temporibus et est qui. Repellendus aut maxime dignissimos doloribus sunt. Animi eum voluptatem consequatur expedita.', 0, '2014-02-22 01:11:57'),
       (6, 7, 9, 'Exercitationem culpa voluptatem.', 'Voluptatum aliquid dolores aut aut commodi enim qui. Tempore velit et dolores libero. Officia sunt rerum ex aspernatur reprehenderit.', 1, '2018-03-22 22:36:47'),
       (7, 6, 4, 'Voluptatibus labore assumenda.', 'Sed ea eligendi veniam et fuga est. In blanditiis enim sunt nihil consequuntur. Doloribus porro eveniet tempora qui iure. Aut rerum provident error et consequatur.', 0, '2015-06-19 10:34:35'),
       (8, 4, 8, 'Eos deserunt quae enim.', 'Aliquam corrupti a enim ex vitae. Laboriosam expedita aut et. Fugiat rem ab sit quasi quos hic. Et similique at consequatur eveniet.', 0, '2016-11-23 10:50:05'),
       (9, 1, 2, 'Quia fugiat dolores.', 'Deserunt sunt hic quaerat sint incidunt nemo. Harum autem eos reiciendis ipsum. Non sunt eos accusantium ut non ut.', 0, '2020-11-13 17:17:16'),
       (10, 2, 1, 'Omnis ducimus.', 'Nobis debitis aut vero et delectus. Omnis velit facere voluptatum dolor quisquam. Ut earum excepturi ullam.', 1, '2013-01-14 00:11:40');

INSERT INTO `lw_news` (`news_id`, `user_id`, `hidden`, `title`, `text`, `created_at`)
VALUES (1, 2, 1, 'Dolores eum illum neque.', 'Omnis tempore et deserunt. Quia qui rerum qui eum commodi sint non.', '2017-03-03 00:01:02'),
       (2, 2, 1, 'Aut sunt cupiditate eum.', 'Aliquid soluta qui corporis. Doloribus in quia fugiat quia non. Saepe reprehenderit error similique consequatur tempora. Facilis consequatur amet voluptas adipisci et et. Qui voluptatum dolores enim est.', '2012-08-26 18:55:38'),
       (3, 2, 0, 'Aut nemo alias est.', 'Vel officia consectetur esse molestiae quia fugiat atque non. Velit rerum tempora mollitia laborum id. Facilis voluptatem quo laboriosam veritatis. Rem voluptas ex et nostrum. Voluptatibus perferendis error a repudiandae debitis non. Doloremque eaque sed nesciunt in rerum debitis voluptas.', '2013-01-15 12:51:21'),
       (4, 1, 0, 'Facilis quisquam praesentium cum consequatur.', 'Sint voluptatem sed quis occaecati iure temporibus consequuntur. Consequuntur ut et earum et laboriosam. Ipsam est fuga omnis. Adipisci quo vero et vero. Veniam esse hic ab explicabo et.', '2014-04-07 02:50:31'),
       (5, 3, 1, 'Aut possimus autem ut.', 'Quod inventore doloremque qui numquam sed ad facere. Vero quis eos explicabo. Laborum placeat eos corrupti et qui. Qui aut dolorum fugiat est excepturi. Ut doloribus sit pariatur praesentium eligendi rerum harum. Impedit maxime repellat omnis sed odit dolorem.', '2016-11-21 08:55:07'),
       (6, 2, 1, 'Sapiente velit dolorem saepe non.', 'Voluptatem et velit explicabo. Quod iste nihil dolorem quo saepe ipsum. Commodi eaque nihil officia vero. Ea ab incidunt et. Rerum reiciendis velit doloremque quos atque velit quia. Iure fugiat sed ut molestiae esse sed.', '2020-12-11 03:18:24'),
       (7, 2, 0, 'Quo qui eos aliquid iure.', 'Modi incidunt voluptatum delectus natus. Velit ut impedit illo ut magni quis quasi. Amet explicabo autem sint excepturi vel nihil id. Fugit sint ea dolor aliquam a. Autem hic aut laboriosam voluptates. Accusantium maiores temporibus minima vero autem est fuga voluptatem.', '2015-09-09 12:07:19'),
       (8, 1, 1, 'Aliquam quos animi.', 'Harum qui ut ipsa magnam. Velit sit asperiores qui. Velit et maxime vero dolorem nam veniam. Illum sit ipsa tempora consectetur perferendis quidem perspiciatis. Sit et commodi quia aut est.', '2017-05-29 23:00:25'),
       (9, 1, 0, 'Omnis dolorem sit est.', 'Quas ut vitae doloremque doloribus quasi deserunt. Excepturi voluptatem ipsa nihil ut maiores ipsum corrupti. Similique molestiae dolorem rem sit. Molestiae tempore nisi illum. Ut dolor velit officia doloribus nostrum eos incidunt alias. Accusantium eum sit alias suscipit ad. Molestias amet voluptatem velit.', '2013-05-16 03:13:04'),
       (10, 1, 1, 'Deserunt commodi necessitatibus deserunt voluptatibus.', 'Molestias quibusdam a nemo et. Dolores earum possimus maiores est. Non qui quas quaerat odio veniam placeat quidem molestias. Non voluptate incidunt rerum odio enim commodi. Neque dolor nulla quo dolore.', '2019-08-20 13:21:46');

INSERT INTO `lw_organisation` (`organisation_id`, `title`, `logo`, `welcome_page`, `welcome_message`, `options_field1`, `default_search_text`, `default_search_image`, `default_search_video`, `default_language`, `language_variant`, `banner_image_file_id`, `glossary_languages`)
VALUES (1, 'Public', NULL, 'myhome/welcome.jsf', 'Hello world', 3118, 'google', 'flickr', 'youtube', 'en', '', NULL, 'en,de,it'),
       (2, 'Université de Bamenda', NULL, 'myhome/groups.jsf', 'Morbi odio odio, elementum eu, interdum eu, tincidunt in, leo.', 1154, 'google', 'ipernity', 'vimeo', '', '', NULL, 'ar,zh,de,en,fr,el,it,nl,pt,ru,sv,es'),
       (3, 'Fachhochschule Merseburg', NULL, 'myhome/welcome.jsf', 'In hac habitasse platea dictumst.', 2050, 'google', 'flickr', 'youtube', '', '', NULL, 'de,en,fr,it,nl,pt,es'),
       (4, 'University of Kota', NULL, 'myhome/welcome.jsf', 'Aenean lectus. Pellentesque eget nunc.', 4, 'google', 'ipernity', 'youtube', 'it', '', NULL, 'en,it,nl,de'),
       (5, 'National University of Ireland', NULL, 'myhome/groups.jsf', 'Proin leo odio, porttitor id, consequat in, consequat ut, nulla.', 128, 'google', 'yovisto', 'vimeo', 'de', '', NULL, 'en,de,it'),
       (6, 'Al Azhar University', NULL, 'myhome/resources.jsf', 'In hac habitasse platea dictumst. Morbi vestibulum, velit id pretium iaculis, diam erat fermentum justo, nec condimentum neque sapien placerat ante.', 3592, 'google', 'flickr', 'youtube', 'es', '', NULL, 'ar,zh,de,en,fr,el,it,nl,pt,ru,sv,es'),
       (7, 'University of Berne', NULL, 'myhome/welcome.jsf', 'In sagittis dui vel nisl. Duis ac nibh.', 1154, 'learnweb', 'ipernity', 'vimeo', 'en', '', NULL, 'en,de,it'),
       (8, 'Kun Shan University', NULL, 'myhome/resources.jsf', 'Donec vitae nisi.', 128, 'google', 'giphy', 'vimeo', 'en', '', NULL, 'nl,en,de,it'),
       (9, 'Njala University', NULL, 'myhome/welcome.jsf', 'Fusce lacus purus, aliquet at, feugiat non, pretium quis, lectus.', 196, 'learnweb', 'flickr', 'youtube', 'pt', '', NULL, 'de,en,it,lv,ru'),
       (10, 'Universidad de Navarra', NULL, 'myhome/welcome.jsf', 'Vestibulum quam sapien, varius ut, blandit non, interdum in, ante.', 12, 'google', 'flickr', 'youtube', 'en', '', NULL, 'en,de,it');

INSERT INTO `lw_requests` (`request_id`, `addr`, `requests`, `logins`, `usernames`, `created_at`)
VALUES (1, '33.143.226.138', 4, 2, '[admin]', '2019-06-16 05:00:00'),
       (2, '180.108.249.51', 1, 0, '', '2018-12-05 20:00:00'),
       (3, '40.77.167.200', 2, 0, '', '2018-06-30 06:00:00'),
       (4, '105.37.46.171', 105, 1, '[user2]', '2018-04-21 12:00:00'),
       (5, '66.220.146.29', 1, 0, '', '2018-04-04 16:00:00'),
       (6, '212.189.140.217', 37, 0, '', '2018-12-20 18:00:00'),
       (7, '51.75.160.7', 1, 0, '', '2020-01-27 20:00:00'),
       (8, '176.35.136.222', 40, 1, '[user3]', '2018-05-10 13:00:00'),
       (9, '207.84.18.203', 1, 0, '', '2020-01-30 18:00:00'),
       (10, '151.45.185.174', 24, 0, '', '2018-03-27 18:00:00');

INSERT INTO `lw_resource` (`resource_id`, `deleted`, `group_id`, `folder_id`, `title`, `description`, `url`, `storage_type`, `policy_view`, `service`, `language`, `author`, `type`, `format`, `duration`, `width`, `height`, `owner_user_id`, `id_at_service`, `max_image_url`, `query`, `original_resource_id`, `machine_description`, `embedded_url`, `transcript`, `read_only_transcript`, `online_status`, `updated_at`, `created_at`, `metadata`)
VALUES (1, 0, 1, 4, 'Building the Perfect Squirrel Proof Bird Feeder', 'Squirrels were stealing my bird seed so I solved the problem with mechanical engineering :)\nGet your first month of KiwiCo for FREE!!! https://www.kiwico.com/markrober\n\nHere is an explanation of the illusion dish thing!- https://demos.smu.ca/index.php/demos/optics/69-mirage-mirror\n\nHere is a link to the illusion dish (not sponsored :) https://www.amazon.com/dp/B0718XCG7F/ref=cm_sw_em_r_mt_dp_U_D9PYEbC85X14F\n\n*MUSIC*\n0:02 - Arrow (Instrumental) - Andrew Applepie http://andrewapplepie.com/\n0:27 - Kalimba Jam - Blue Wednesday https://soundcloud.com/bluewednesday/\n3:21 - Zambo - Devil in Disguise https://danijel-zambo.bandcamp.com/track/devil-in-disguise-2 \n3:47 - Cereal Killa - Blue Wednesday https://soundcloud.com/bluewednesday/\n5:28 - J. Thompson - Real Quick Lovin https://www.amazon.com/Real-Quick-Lovin/dp/B0010YGE3W\n5:39 - New Shoes - Blue Wednesday https://soundcloud.com/bluewednesday/\n7:51- Chi- Ponder- https://www.prodbyponder.com/5-free-beats32029775\n8:31 - Marimba Idea - Blue Wednesday https://soundcloud.com/bluewednesday/ \n9:25 - Josef Falkenskold - Tiny Tumble https://www.epidemicsound.com/artists/josef-falkenskold\n19:07 - Nik- Ponder- https://www.prodbyponder.com/5-free-beats32029775', 'https://www.youtube.com/watch?v=hFZFjoX2cGg', 'WEB', 'DEFAULT_RIGHTS', 'youtube', '', 'Mark Rober', 'video', '', 0, 1280, 720, 1, 'hFZFjoX2cGg', 'https://i.ytimg.com/vi/hFZFjoX2cGg/maxresdefault.jpg', NULL, NULL, NULL, NULL, NULL, 0, 'ONLINE', '2021-02-19 17:52:48', '2021-02-19 17:52:38', 0xACED0005737200116A6176612E7574696C2E486173684D61700507DAC1C31660D103000246000A6C6F6164466163746F724900097468726573686F6C6478703F400000000000007708000000100000000078),
       (2, 0, NULL, NULL, 'Using Drones to Plant 20,000,000 Trees', 'Join #TeamTrees at https://teamtrees.org/\nCreate your own personal website at https://wix.com/go/MarkRober\n\nALSO, see how I make all my builds using Wix: https://markroberbuildinstructions.com\n\nThanks to my friends at Discovery Channel for helping us find Arbor Day in the first place and then capturing all the footage for my video.  They are absolute champions to work with Ive got some really cool projects coming up soon.  \n\nLearn more about my smart friends at DroneSeed- https://www.droneseed.co/\n\nThanks to Carlyle tools for giving my workbench tools a seriously needed upgrade! https://www.carlyletools.com/\n\nIf you want to learn more about C02 in ancient ice, check out this great video from Dr. Joe Hanson at Its OK to be Smart- https://www.youtube.com/watch?v=myxVsYI4WZk&amp;t=2s\n\nMUSIC-\n0:28 - On My Way - Tom Goldstein https://artlist.io/song/14203/on-my-way\n3:27 - Arrow (Instrumental) - Andrew Applepie http://andrewapplepie.com/\n4:42 - Dive - Lvly \n6:27 - New Shoes - Blue Wednesday https://soundcloud.com/bluewednesday/\n9:16 - Cereal Killa - Blue Wednesday https://soundcloud.com/bluewednesday/\n11:13 - Q - Blue Wednesday https://soundcloud.com/bluewednesday/  \n12:22 - Too Happy to be cool by Notebreak https://soundcloud.com/notebreak/dubstep-too-happy-to-be-cool\n\n\n\n\nSummary:  The internet challenged Mr. Beast to plant 20 million trees.  That is a really hard thing to do. So...', 'https://www.youtube.com/watch?v=U7nJBFjKqAY', 'WEB', 'DEFAULT_RIGHTS', 'youtube', '', 'Mark Rober', 'video', '', 0, 1280, 720, 1, 'U7nJBFjKqAY', 'https://i.ytimg.com/vi/U7nJBFjKqAY/maxresdefault.jpg', NULL, NULL, NULL, NULL, NULL, 0, 'ONLINE', '2021-02-19 17:54:33', '2021-02-19 17:54:25', 0xACED0005737200116A6176612E7574696C2E486173684D61700507DAC1C31660D103000246000A6C6F6164466163746F724900097468726573686F6C6478703F400000000000007708000000100000000078),
       (3, 0, NULL, 7, 'Glitterbomb 3.0 vs. Porch Pirates', 'Merry Christmas ya filthy animals.  If you want to learn the design fundamentals it takes to make something like the Glitter Bomb, enroll in my NEW Creative Engineering course at https://Monthly.com/MarkRober and Ill see you in class!\n\nMY NEW MERCH!!!  https://markrober.store/\n\nThanks to SimpliSafe for providing the cameras.  Check out their biggest sale of the year by visiting http://simplisafe.com/markrober\n\nSubscribe to Jims channel here- https://www.youtube.com/channel/UCBNG0osIBAprVcZZ3ic84vw\n\nBiodegradable glitter courtesy of  https://www.altnaturals.com/pages/glitter\n\nSo stoked to finally announce my creative engineering class has just launched today! Enrollment is now open until Dec 27 at Monthly.com/MarkRober (link also in bio).\n\nThis class is a hands-on, 30-day learning experience that will teach you how to use engineering and science to bring your creative ideas to life.\n\nDuring this class, Im going to share with you my entire creative engineering process from start to finish. Youre going to follow along with me as I fully design and engineer 3 brand new builds from scratch... from how I come up the idea, all the way through bringing the final builds to life.\n\nThe best part is, over the month, youll follow along with me and my process, side by side, and you will leave the class with 3 original, creative builds of your own.\n\nThis is the class I wish I had when...', 'https://www.youtube.com/watch?v=h4T_LlK1VE4', 'WEB', 'DEFAULT_RIGHTS', 'youtube', '', 'Mark Rober', 'video', '', 0, 1280, 720, 1, 'h4T_LlK1VE4', 'https://i.ytimg.com/vi/h4T_LlK1VE4/maxresdefault.jpg', NULL, NULL, NULL, NULL, NULL, 0, 'ONLINE', '2021-02-19 17:56:37', '2021-02-19 17:55:55', 0xACED0005737200116A6176612E7574696C2E486173684D61700507DAC1C31660D103000246000A6C6F6164466163746F724900097468726573686F6C6478703F400000000000007708000000100000000078),
       (4, 0, 1, NULL, 'amet erat nulla tempus', '', NULL, 'LEARNWEB', 'DEFAULT_RIGHTS', 'desktop', '', '', 'image', 'image/png', 0, 1280, 691, 4, '', NULL, NULL, NULL, NULL, NULL, NULL, 0, 'ONLINE', '2021-02-19 18:04:00', '2021-02-19 18:03:03', 0xACED0005737200116A6176612E7574696C2E486173684D61700507DAC1C31660D103000246000A6C6F6164466163746F724900097468726573686F6C6478703F400000000000007708000000100000000078),
       (5, 0, 1, NULL, 'ut rhoncus aliquet pulvinar', '', NULL, 'LEARNWEB', 'DEFAULT_RIGHTS', 'desktop', '', '', 'image', 'image/png', 0, 1280, 691, 4, '', NULL, NULL, NULL, NULL, NULL, NULL, 0, 'ONLINE', '2021-02-19 18:04:15', '2021-02-19 18:04:04', 0xACED0005737200116A6176612E7574696C2E486173684D61700507DAC1C31660D103000246000A6C6F6164466163746F724900097468726573686F6C6478703F400000000000007708000000100000000078),
       (6, 0, 1, NULL, 'mauris non ligula', '', NULL, 'LEARNWEB', 'DEFAULT_RIGHTS', 'desktop', '', '', 'image', 'image/png', 0, 1280, 691, 4, '', NULL, NULL, NULL, NULL, NULL, NULL, 0, 'ONLINE', '2021-02-19 18:04:29', '2021-02-19 18:04:20', 0xACED0005737200116A6176612E7574696C2E486173684D61700507DAC1C31660D103000246000A6C6F6164466163746F724900097468726573686F6C6478703F400000000000007708000000100000000078),
       (7, 0, 1, NULL, 'nisi venenatis tristique fusce congue', '', NULL, 'LEARNWEB', 'DEFAULT_RIGHTS', 'desktop', '', '', 'image', 'image/png', 0, 1280, 689, 4, '', NULL, NULL, NULL, NULL, NULL, NULL, 0, 'ONLINE', '2021-02-19 18:04:40', '2021-02-19 18:04:32', 0xACED0005737200116A6176612E7574696C2E486173684D61700507DAC1C31660D103000246000A6C6F6164466163746F724900097468726573686F6C6478703F400000000000007708000000100000000078),
       (8, 0, 1, NULL, 'quis lectus suspendisse potenti in', '', NULL, 'LEARNWEB', 'DEFAULT_RIGHTS', 'desktop', '', '', 'image', 'image/png', 0, 1280, 685, 4, '', NULL, NULL, NULL, NULL, NULL, NULL, 0, 'ONLINE', '2021-02-19 18:04:54', '2021-02-19 18:04:43', 0xACED0005737200116A6176612E7574696C2E486173684D61700507DAC1C31660D103000246000A6C6F6164466163746F724900097468726573686F6C6478703F400000000000007708000000100000000078),
       (9, 0, 1, NULL, 'Glossary res', '', NULL, 'LEARNWEB', 'DEFAULT_RIGHTS', 'learnweb', '', '', 'glossary', '', 0, NULL, NULL, 4, '', NULL, NULL, NULL, NULL, NULL, NULL, 0, 'ONLINE', '2021-02-19 18:10:37', '2021-02-19 18:10:20', 0xACED0005737200116A6176612E7574696C2E486173684D61700507DAC1C31660D103000246000A6C6F6164466163746F724900097468726573686F6C6478703F400000000000007708000000100000000078),
       (10, 0, NULL, NULL, 'Test survey', 'Some test here', NULL, 'LEARNWEB', 'DEFAULT_RIGHTS', 'learnweb', NULL, NULL, 'survey', NULL, NULL, NULL, NULL, 1, NULL, NULL, NULL, NULL, NULL, NULL, NULL, 0, 'UNKNOWN', '2021-04-11 17:57:09', '2021-04-11 17:57:09', 0xACED0005737200116A6176612E7574696C2E486173684D61700507DAC1C31660D103000246000A6C6F6164466163746F724900097468726573686F6C6478703F400000000000007708000000100000000078);

INSERT INTO `lw_resource_tag` (`resource_id`, `tag_id`, `user_id`, `created_at`)
VALUES (1, 1, 1, '2021-02-19 17:53:04'),
       (1, 2, 1, '2021-02-19 17:53:36'),
       (2, 3, 1, '2021-02-19 17:54:43'),
       (2, 4, 1, '2021-02-19 17:55:43'),
       (3, 4, 1, '2021-02-19 17:56:44'),
       (1, 5, 4, '2021-02-19 17:58:21'),
       (1, 6, 4, '2021-02-19 17:58:37'),
       (6, 1, 4, '2021-02-19 18:06:34'),
       (6, 2, 4, '2021-02-19 18:07:14'),
       (6, 7, 4, '2021-02-19 18:07:30'),
       (6, 10, 6, '2021-02-19 18:39:33');

INSERT INTO `lw_resource_rating` (`resource_id`, `user_id`, `type`, `rating`, `created_at`)
VALUES (1, 2, 'star', 2, '2021-02-19 18:03:03'),
       (1, 5, 'star', 5, '2021-02-21 09:15:27'),
       (4, 3, 'star', 4, '2021-02-22 14:32:19'),
       (4, 4, 'star', 5, '2021-02-20 16:45:38'),
       (4, 2, 'star', 3, '2021-02-23 11:05:22'),
       (5, 5, 'star', 5, '2021-02-24 09:18:45'),
       (5, 3, 'star', 4, '2021-02-19 22:37:11'),
       (6, 4, 'star', 4, '2021-02-25 08:42:56'),
       (6, 6, 'star', 3, '2021-02-22 19:30:15'),
       (6, 2, 'star', 3, '2021-02-20 13:27:49'),
       (1, 2, 'thumb', -1, '2021-02-19 18:03:03'),
       (1, 5, 'thumb', 1, '2021-02-25 14:27:36'),
       (4, 3, 'thumb', 1, '2021-02-28 19:42:15'),
       (4, 4, 'thumb', 1, '2021-03-05 11:08:23'),
       (4, 2, 'thumb', 1, '2021-03-08 09:34:57'),
       (5, 5, 'thumb', 1, '2021-03-12 16:45:32'),
       (5, 3, 'thumb', 1, '2021-03-15 08:22:19'),
       (6, 4, 'thumb', 1, '2021-03-18 14:56:41'),
       (6, 6, 'thumb', -1, '2021-03-21 17:30:05'),
       (6, 2, 'thumb', 1, '2021-03-24 10:15:27');

INSERT INTO `lw_survey_page` (`page_id`, `resource_id`, `deleted`, `order`, `title`, `description`, `sampling`)
VALUES (1, 10, 0, 0, 'Test survey', 'Some test here', 0);

INSERT INTO `lw_survey_question` (`page_id`, `question_id`, `deleted`, `order`, `question`, `question_type`, `description`, `placeholder`, `required`, `min_length`, `max_length`)
VALUES (1, 1, 0, 1, 'Question one', 'INPUT_TEXT', NULL, NULL, 1, NULL, NULL),
       (1, 2, 0, 0, 'Question zero', 'MANY_CHECKBOX', NULL, NULL, 1, NULL, NULL),
       (1, 3, 0, 2, 'Question two', 'ONE_MENU', NULL, NULL, 1, NULL, NULL),
       (1, 4, 0, 3, 'Question three', 'FULLWIDTH_HEADER', NULL, NULL, 1, NULL, NULL),
       (1, 5, 0, 4, 'Question four', 'MULTIPLE_MENU', NULL, NULL, 0, NULL, NULL),
       (1, 6, 0, 5, 'Question five', 'FULLWIDTH_HEADER', NULL, NULL, 0, NULL, NULL),
       (1, 7, 0, 6, 'Question six', 'ONE_RADIO', NULL, NULL, 0, NULL, NULL),
       (1, 8, 0, 7, 'Question seven', 'INPUT_TEXT', NULL, NULL, 0, NULL, NULL),
       (1, 9, 0, 9, 'Question eight', 'INPUT_TEXT', NULL, NULL, 0, NULL, NULL),
       (1, 10, 0, 10, 'Question nine', 'INPUT_TEXT', NULL, NULL, 0, NULL, NULL);

INSERT INTO `lw_survey_question_option` (`question_id`, `option_id`, `deleted`, `value`)
VALUES (2, 1, 0, 'checkbox a'),
       (2, 2, 0, 'checkbox b'),
       (2, 3, 0, 'checkbox c'),
       (3, 4, 0, 'option a'),
       (3, 5, 0, 'option b'),
       (5, 6, 0, 'option a'),
       (5, 7, 0, 'option b'),
       (7, 8, 0, 'option a'),
       (7, 9, 0, 'option b'),
       (7, 10, 0, 'option c');

INSERT INTO `lw_survey_response` (`response_id`, `resource_id`, `message_id`, `user_id`, `submitted`, `created_at`)
VALUES (1, 10, NULL, 2, 1, CURRENT_TIMESTAMP() + 60);

INSERT INTO `lw_survey_response_answer` (`response_id`, `question_id`, `variant_id`, `answer`)
VALUES (1, 1, NULL, 'answer one'),
       (1, 2, NULL, 'checkbox b'),
       (1, 3, NULL, 'option b'),
       (1, 5, NULL, 'option a|||option b'),
       (1, 7, NULL, 'option b'),
       (1, 8, NULL, 'answer seven'),
       (1, 9, NULL, 'answer eight'),
       (1, 10, NULL, 'answer nine');

INSERT INTO `lw_tag` (`tag_id`, `name`)
VALUES (10, 'Cactus'),
       (8, 'Cat'),
       (7, 'Cowboy'),
       (9, 'Dog'),
       (3, 'Drone'),
       (5, 'Marty'),
       (2, 'Phat Gus'),
       (4, 'Private resource'),
       (6, 'Rick'),
       (1, 'Squirrel');

INSERT INTO `lw_user` (`user_id`, `deleted`, `username`, `password`, `hashing`, `email`, `email_confirmed`, `organisation_id`, `image_file_id`, `gender`, `birthdate`, `address`, `profession`, `interest`, `student_identifier`, `is_admin`, `is_moderator`, `created_at`, `preferences`, `credits`, `fullname`, `affiliation`, `accept_terms_and_conditions`, `preferred_notification_frequency`, `time_zone`, `language`, `guide_field1`)
VALUES (1, 0, 'admin', '1000:77bec387609669c5d506e52f199ec7e1865547ea7d7c0400:554bbf88a705defdaa4e6dedd7508479825e830fb46eccef3b5da807a24634d46172e3b77abc34aefae8b0afc0ba9ac828cf5f139b40e1a560ae31d14a8526e71c0cf4d1ac66e217116c929c8eec27bfa9a7ebcb2d566ff2fcbcdb8438b1d10454f5dc2e7bf946fc9021e4e445810897561b04007fe0a497584d71c5045396c6', 'PBKDF2', 'lwadmin@maildrop.cc', 1, 1, NULL, 3, NULL, NULL, NULL, NULL, NULL, 1, 1, '2021-02-18 11:27:19', 0xACED0005737200116A6176612E7574696C2E486173684D61700507DAC1C31660D103000246000A6C6F6164466163746F724900097468726573686F6C6478703F4000000000000C770800000010000000037400135345415243485F534552564943455F5445585474000462696E677400145345415243485F534552564943455F494D414745740006666C69636B727400145345415243485F534552564943455F564944454F740007796F757475626578, NULL, NULL, NULL, 1, 'NEVER', 'Europe/Berlin', 'en_UK', 6),
       (2, 0, 'moderator', '1000:3a553d401c756bcb84143b0ddb680ef3cf97873a31c21745:5a86a53888650e2254e5d3cb855dcc2f6dea6d5f4f4a07ef9d476d9f76c59345e4c356adfadd09f1336e98c28a54c5f1f5507f67bd7fb3c7e37ee59208b2792d826aeef8616238a2d21730d26102e8e22677e55e48d2b54067c3ee2d2df4ec6f31150e2bd162c336cdf85840c68fdd51a70dffcb0202e3d75e054dd23e636b33', 'PBKDF2', 'lwmoderator@maildrop.cc', 1, 1, NULL, 0, NULL, NULL, NULL, NULL, NULL, 0, 1, '2021-02-18 11:32:33', 0xACED0005737200116A6176612E7574696C2E486173684D61700507DAC1C31660D103000246000A6C6F6164466163746F724900097468726573686F6C6478703F4000000000000C770800000010000000037400135345415243485F534552564943455F5445585474000462696E677400145345415243485F534552564943455F494D414745740006666C69636B727400145345415243485F534552564943455F564944454F740007796F757475626578, NULL, NULL, NULL, 1, 'NEVER', 'Europe/Berlin', 'de_DE', 4),
       (3, 0, 'user1', '1000:8e77da66b674585a4e3f667a3dc1b0d7c9e705e3572418ae:61dfab2273c03e7c0195802e5d2add7a8074813263283950c98bb3bcae3c7ac8722abb6492314221513af2eaceb3b26b89d15fbcaae04ced608be227a4e22f6d18a29d66c1d8843e4dcfa07ebea4890adb8e4b897aefb57767b52fbc33cb610e764b61c8dd4e8f556a08fb594183e319fd98152d01b48ba7930286805a5df1f5', 'PBKDF2', 'lwuser1@maildrop.cc', 1, 1, NULL, 0, NULL, NULL, NULL, NULL, NULL, 0, 0, '2021-02-18 11:39:52', 0xACED0005737200116A6176612E7574696C2E486173684D61700507DAC1C31660D103000246000A6C6F6164466163746F724900097468726573686F6C6478703F4000000000000C770800000010000000037400135345415243485F534552564943455F5445585474000462696E677400145345415243485F534552564943455F494D414745740006666C69636B727400145345415243485F534552564943455F564944454F740007796F757475626578, NULL, NULL, NULL, 1, 'WEEKLY', 'Europe/Berlin', 'de_DE', 0),
       (4, 0, 'user2', '1000:bbaa7180cc37c52582b5fc3e7618912eebc33493923207ce:09f245d048227c89da8707bb2bc6f0abd6c765522e13c6820611dc5266878a4b6de00df728dd9afd2459a7b70faba624b0e2148a5b23e24776b31b7585492bb1809e5af3bd5dace09c2e360b6822259e898c60ef51b2e0c077e33c85e8c02282590e345897e56db975a91e662135c7870ebad5a7a5e2b86769f79f299b497b44', 'PBKDF2', 'lwuser2@maildrop.cc', 1, 2, NULL, 2, NULL, NULL, NULL, NULL, NULL, 0, 0, '2021-02-18 11:40:16', 0xACED0005737200116A6176612E7574696C2E486173684D61700507DAC1C31660D103000246000A6C6F6164466163746F724900097468726573686F6C6478703F4000000000000C770800000010000000037400135345415243485F534552564943455F5445585474000462696E677400145345415243485F534552564943455F494D414745740006666C69636B727400145345415243485F534552564943455F564944454F740007796F757475626578, NULL, NULL, NULL, 1, 'NEVER', 'Europe/Berlin', 'de_DE', 6),
       (5, 0, 'user3', '1000:accfa373ff62cc05695a7b364110c14ab61ab0338ca06f66:66fc462266aac17f9f8e3574927fd31a4f95d1838a60efa83932dcf49a6a2ddc54dd7065a8d912e0984bb01a5c2764f8fdd8d4eda170d0de2a26d3bf2395c6dae7a69586335a16896733cf598e09131e57f2ff352e535327ec7530614ac6922d23a2b01b7bc34bb3eddae23631816d93076aa775ed2abf4237a6d54c8c567c5e', 'PBKDF2', 'lwuser3@maildrop.cc', 1, 3, NULL, 0, NULL, NULL, NULL, NULL, NULL, 0, 0, '2021-02-18 11:40:37', 0xACED0005737200116A6176612E7574696C2E486173684D61700507DAC1C31660D103000246000A6C6F6164466163746F724900097468726573686F6C6478703F4000000000000C770800000010000000037400135345415243485F534552564943455F5445585474000462696E677400145345415243485F534552564943455F494D414745740006666C69636B727400145345415243485F534552564943455F564944454F740007796F757475626578, NULL, NULL, NULL, 1, 'NEVER', 'Europe/Berlin', 'de_DE', 0),
       (6, 0, 'user4', '1000:0b7790e65eed579deaa4d229049a6b97aed34fe24dc8e6de:3239a44cbe9f26aa38e5be816a2a34a548220f7c917948f057e965071fad1727feda4595c31911098ef974026bc00aa8a14e73db345c5ceaec624a9edd42c9668efff19aaf2e0303e09b6c34c000894bf65af3bcb60166c5c1ffc43186cf384b0b9dc0a24db591d05d6a8c42471b074aafbe41532154b54fbdab7977c71387b7', 'PBKDF2', 'lwuser4@maildrop.cc', 1, 2, NULL, 2, NULL, NULL, NULL, NULL, NULL, 0, 0, '2021-02-18 11:40:58', 0xACED0005737200116A6176612E7574696C2E486173684D61700507DAC1C31660D103000246000A6C6F6164466163746F724900097468726573686F6C6478703F4000000000000C770800000010000000037400135345415243485F534552564943455F5445585474000462696E677400145345415243485F534552564943455F494D414745740006666C69636B727400145345415243485F534552564943455F564944454F740007796F757475626578, NULL, NULL, NULL, 1, 'NEVER', 'Europe/Berlin', 'de_DE', 4),
       (7, 0, 'user5', '1000:be4fe54fdd9843078afc2b9e27e5f05e25a3d115b9173a31:499deb70b8712b1fff2783217c4c99619c5556c5fd92b7eda3d82f9cf310adc6bfbaf82c74474a09747452cfa740bd89a0c5aabf75b1f1508d037e412b012218b12acab81c5a5fff4481809e8f6a17c852818f169101067bc655759cf18a31e1e8381ca34936e0eddb294c5e7e6298b06666450966ebd4aec3d7a25ee74a32ff', 'PBKDF2', 'lwuser5@maildrop.cc', 1, 1, NULL, 0, NULL, NULL, NULL, NULL, NULL, 0, 0, '2021-02-18 11:41:25', 0xACED0005737200116A6176612E7574696C2E486173684D61700507DAC1C31660D103000246000A6C6F6164466163746F724900097468726573686F6C6478703F4000000000000C770800000010000000037400135345415243485F534552564943455F5445585474000462696E677400145345415243485F534552564943455F494D414745740006666C69636B727400145345415243485F534552564943455F564944454F740007796F757475626578, NULL, NULL, NULL, 1, 'DAILY', 'Europe/Berlin', 'de_DE', 4),
       (8, 0, 'user6', '1000:19adf5142f00d8dfb6e3e6fcbe2c7dce79aa6c7364be6b46:2310ae1d576e4c13bf1acb17c0de7c2407821c32e349965bf93dce5b52de6068adba0028165268da58e4a3eac6875b627915ef75d72565cadcc84059862373bab3caadd954e717ab4c6873a95b5b3c1651b090e94e9eac73690a2672ae09a062bf53b3002c261ee1b10a96898df5bde8df1f99e150288c85bdf7ee767c8f9d04', 'PBKDF2', 'lwuser6@maildrop.cc', 0, 2, NULL, 1, NULL, NULL, NULL, NULL, NULL, 0, 0, '2021-02-18 12:10:58', 0xACED0005737200116A6176612E7574696C2E486173684D61700507DAC1C31660D103000246000A6C6F6164466163746F724900097468726573686F6C6478703F4000000000000C770800000010000000037400135345415243485F534552564943455F5445585474000462696E677400145345415243485F534552564943455F494D414745740006666C69636B727400145345415243485F534552564943455F564944454F740007796F757475626578, NULL, NULL, NULL, 0, 'NEVER', 'Europe/Berlin', 'de_DE', 0),
       (9, 0, 'user7', '1000:61e3cc7f68333a6c8b9a56789a3620b881c4542296d679cd:840fb7e4d75bfdf6f9478689a56d30dd2c739305eaef2f283769eebff7f01fc144e652c8bbaeee0b46e64c026fbe79c6a1b39647632f7f4a6edf48180f20157f14b283b932340825d370470dd36b4ec2a3e560962cdc34e328bd83fd88063a9f7d6869cdfa12eb93b27c918551b510c5f4d45a7a36de448a6291d05c8dcb85e4', 'PBKDF2', 'lwuser7@maildrop.cc', 0, 1, NULL, 1, NULL, NULL, NULL, NULL, NULL, 0, 0, '2021-02-18 12:11:40', 0xACED0005737200116A6176612E7574696C2E486173684D61700507DAC1C31660D103000246000A6C6F6164466163746F724900097468726573686F6C6478703F4000000000000C770800000010000000037400135345415243485F534552564943455F5445585474000462696E677400145345415243485F534552564943455F494D414745740006666C69636B727400145345415243485F534552564943455F564944454F740007796F757475626578, NULL, NULL, NULL, 0, 'MONTHLY', 'Europe/Berlin', 'de_DE', 0),
       (10, 0, 'user8', '1000:5949e4b6c7484f98747bd0cb802b6c602bf278cdf932edde:407f2a05a45502a2e5da881b9686ab9a4b64b0d79a5a5a5c25e8ad133e9a25be9ed7062055dd32617c6ea09a7e81651353fdf73ef3b8b73ae92ec63e03447a20beaf1a0d13b4b0fbef0a9d2f44b3762b9a96203ae512f5f21ea926e3955e290bd3800d1fcedc4925dca2f4da5b3b77bf81bc3d985e27435ea82e1fffe38ffddd', 'PBKDF2', 'lwuser8@maildrop.cc', 0, 2, NULL, 3, NULL, NULL, NULL, NULL, NULL, 0, 0, '2021-02-18 12:12:07', 0xACED0005737200116A6176612E7574696C2E486173684D61700507DAC1C31660D103000246000A6C6F6164466163746F724900097468726573686F6C6478703F4000000000000C770800000010000000037400135345415243485F534552564943455F5445585474000462696E677400145345415243485F534552564943455F494D414745740006666C69636B727400145345415243485F534552564943455F564944454F740007796F757475626578, NULL, NULL, NULL, 0, 'NEVER', 'Europe/Berlin', 'de_DE', 0);

INSERT INTO `lw_course_user` (`user_id`, `course_id`, `created_at`)
VALUES (1, 1, '2021-02-18 11:27:20'),
       (2, 1, '2021-02-18 11:32:34'),
       (3, 1, '2021-02-18 11:39:53'),
       (4, 2, '2021-02-18 11:40:17'),
       (5, 8, '2021-02-18 11:40:38'),
       (6, 2, '2021-02-18 11:40:59'),
       (7, 1, '2021-02-18 11:41:26'),
       (8, 2, '2021-02-18 12:11:00'),
       (9, 1, '2021-02-18 12:11:41'),
       (10, 2, '2021-02-18 12:12:08');

INSERT INTO `lw_user_log` (`log_entry_id`, `user_id`, `session_id`, `action`, `target_id`, `params`, `created_at`, `group_id`)
VALUES (1, 1, '42A21BC3D47DA8D2D92340F51A2F87C1', 12, 0, '', '2021-02-18 11:27:21', NULL),
       (2, 1, '42A21BC3D47DA8D2D92340F51A2F87C1', 9, 0, '/lw/user/register.jsf', '2021-02-18 11:27:22', NULL),
       (3, 1, '42A21BC3D47DA8D2D92340F51A2F87C1', 10, 0, '', '2021-02-18 11:27:28', NULL),
       (4, 2, '36A1490DDF869045121048337D1DC88C', 12, 0, '', '2021-02-18 11:32:34', NULL),
       (5, 2, '36A1490DDF869045121048337D1DC88C', 9, 0, '/lw/user/register.jsf', '2021-02-18 11:32:35', NULL),
       (6, 2, '36A1490DDF869045121048337D1DC88C', 10, 0, '', '2021-02-18 11:32:40', NULL),
       (7, 3, 'EA20BD4ADBFF3B71276AB848CFAFD63E', 12, 0, '', '2021-02-18 11:39:53', NULL),
       (8, 3, 'EA20BD4ADBFF3B71276AB848CFAFD63E', 9, 0, '/lw/user/register.jsf', '2021-02-18 11:39:55', NULL),
       (9, 3, 'EA20BD4ADBFF3B71276AB848CFAFD63E', 10, 0, '', '2021-02-18 11:39:58', NULL),
       (10, 4, 'B244C25CDD289EA568671C35F3B72BA3', 12, 0, '', '2021-02-18 11:40:17', NULL),
       (11, 4, 'B244C25CDD289EA568671C35F3B72BA3', 9, 0, '/lw/user/register.jsf', '2021-02-18 11:40:18', NULL),
       (12, 4, 'B244C25CDD289EA568671C35F3B72BA3', 10, 0, '', '2021-02-18 11:40:23', NULL),
       (13, 5, 'EB8BBC317917496A1FAD3318FFFCEE35', 12, 0, '', '2021-02-18 11:40:38', NULL),
       (14, 5, 'EB8BBC317917496A1FAD3318FFFCEE35', 9, 0, '/lw/user/register.jsf', '2021-02-18 11:40:39', NULL),
       (15, 5, 'EB8BBC317917496A1FAD3318FFFCEE35', 10, 0, '', '2021-02-18 11:40:43', NULL),
       (16, 6, '8D400DA685E25E1EEC7B9276C158A0CC', 12, 0, '', '2021-02-18 11:40:59', NULL),
       (17, 6, '8D400DA685E25E1EEC7B9276C158A0CC', 9, 0, '/lw/user/register.jsf', '2021-02-18 11:41:00', NULL),
       (18, 6, '8D400DA685E25E1EEC7B9276C158A0CC', 10, 0, '', '2021-02-18 11:41:03', NULL),
       (19, 7, '7BE8A0CC0E5EC83C8C760ADF75A6B7F7', 12, 0, '', '2021-02-18 11:41:26', NULL),
       (20, 7, '7BE8A0CC0E5EC83C8C760ADF75A6B7F7', 9, 0, '/lw/user/register.jsf', '2021-02-18 11:41:27', NULL),
       (21, 7, '7BE8A0CC0E5EC83C8C760ADF75A6B7F7', 10, 0, '', '2021-02-18 12:09:31', NULL),
       (22, 8, 'DBD7CD45188CBC498492A3B91A585DE6', 12, 0, '', '2021-02-18 12:11:00', NULL),
       (23, 8, 'DBD7CD45188CBC498492A3B91A585DE6', 9, 0, '/lw/user/register.jsf', '2021-02-18 12:11:01', NULL),
       (24, 8, 'DBD7CD45188CBC498492A3B91A585DE6', 10, 0, '', '2021-02-18 12:11:04', NULL),
       (25, 9, '5FFAAD224A2DD55A9380BCA0E18973F5', 12, 0, '', '2021-02-18 12:11:41', NULL),
       (26, 9, '5FFAAD224A2DD55A9380BCA0E18973F5', 9, 0, '/lw/user/register.jsf', '2021-02-18 12:11:42', NULL),
       (27, 9, '5FFAAD224A2DD55A9380BCA0E18973F5', 10, 0, '', '2021-02-18 12:11:46', NULL),
       (28, 10, '4ECFDC6DC72CC9DC74FF4420A95E03C5', 12, 0, '', '2021-02-18 12:12:08', NULL),
       (29, 10, '4ECFDC6DC72CC9DC74FF4420A95E03C5', 9, 0, '/lw/user/register.jsf', '2021-02-18 12:12:09', NULL),
       (30, 10, '4ECFDC6DC72CC9DC74FF4420A95E03C5', 10, 0, '', '2021-02-18 12:12:41', NULL),
       (31, 1, '9333E14229C3D95B4D42B001EF17CB70', 9, 0, '/lw/', '2021-02-19 15:45:54', NULL),
       (32, 1, '9333E14229C3D95B4D42B001EF17CB70', 7, 1, '', '2021-02-19 16:01:37', 1),
       (33, 1, '9333E14229C3D95B4D42B001EF17CB70', 7, 2, '', '2021-02-19 16:02:33', 2),
       (34, 1, '9333E14229C3D95B4D42B001EF17CB70', 7, 3, '', '2021-02-19 16:02:54', 3),
       (35, 1, '9333E14229C3D95B4D42B001EF17CB70', 10, 0, '', '2021-02-19 16:03:05', NULL),
       (36, 6, '6795A11413CF2851BE4B87A31A196264', 9, 0, '/lw/index.jsf', '2021-02-19 16:03:15', NULL),
       (37, 6, '6795A11413CF2851BE4B87A31A196264', 6, 1, '', '2021-02-19 16:03:30', 1),
       (38, 6, '6795A11413CF2851BE4B87A31A196264', 7, 4, '', '2021-02-19 16:03:43', 4),
       (39, 6, '6795A11413CF2851BE4B87A31A196264', 7, 5, '', '2021-02-19 16:03:52', 5),
       (40, 6, '6795A11413CF2851BE4B87A31A196264', 10, 0, '', '2021-02-19 16:04:03', NULL),
       (41, 2, '7E258C2E491CE84BF26128CADF47A0C1', 9, 0, '/lw/index.jsf', '2021-02-19 16:04:12', NULL),
       (42, 2, '7E258C2E491CE84BF26128CADF47A0C1', 7, 6, '', '2021-02-19 16:04:22', 6),
       (43, 2, '7E258C2E491CE84BF26128CADF47A0C1', 7, 7, '', '2021-02-19 16:04:31', 7),
       (44, 2, '7E258C2E491CE84BF26128CADF47A0C1', 7, 8, '', '2021-02-19 16:04:53', 8),
       (45, 2, '7E258C2E491CE84BF26128CADF47A0C1', 10, 0, '', '2021-02-19 16:04:58', NULL),
       (46, 7, 'BDB030A185A797A1B8E0BDC800740F94', 9, 0, '/lw/index.jsf', '2021-02-19 16:05:11', NULL),
       (47, 7, 'BDB030A185A797A1B8E0BDC800740F94', 7, 9, '', '2021-02-19 16:05:26', 9),
       (48, 7, 'BDB030A185A797A1B8E0BDC800740F94', 10, 0, '', '2021-02-19 16:06:10', NULL),
       (49, 1, 'F2A593C7A6BC6AE81307857663B15729', 9, 0, '/lw/index.jsf', '2021-02-19 16:06:14', NULL),
       (50, 1, 'F2A593C7A6BC6AE81307857663B15729', 7, 10, '', '2021-02-19 16:06:37', 10),
       (51, 1, 'F2A593C7A6BC6AE81307857663B15729', 22, 3, 'Dolor vel qui mollitia', '2021-02-19 16:07:12', 3),
       (52, 1, 'F2A593C7A6BC6AE81307857663B15729', 35, 1, 'Sonair', '2021-02-19 16:11:17', 1),
       (53, 1, 'F2A593C7A6BC6AE81307857663B15729', 35, 2, 'Treeflex', '2021-02-19 16:12:02', 1),
       (54, 1, 'F2A593C7A6BC6AE81307857663B15729', 35, 3, 'Duobam', '2021-02-19 16:19:14', 1),
       (55, 1, 'E531505174A601FDD52FDEB669B301E5', 9, 0, '/lw/user/login.jsf', '2021-02-19 16:21:06', NULL),
       (56, 1, '2CAF257C0C92D498F0A83301E7896EFC', 9, 0, '/lw/user/login.jsf', '2021-02-19 16:27:24', NULL),
       (57, 1, '5ED8168CDCF40F79BC4B3B260DB9C548', 9, 0, '/lw/user/login.jsf', '2021-02-19 16:28:27', NULL),
       (58, 1, '6B253790F54964C8472AEB86D5966049', 9, 0, '/lw/user/login.jsf', '2021-02-19 16:29:54', NULL),
       (59, 1, 'F4A05E62491BD7294EC669AC722D9371', 29, 1, '', '2021-02-19 17:38:01', 1),
       (60, 1, 'F4A05E62491BD7294EC669AC722D9371', 35, 4, 'Andalax', '2021-02-19 17:38:09', 1),
       (61, 1, 'D259D60F8509749EDBB49AE522295651', 29, 1, '', '2021-02-19 17:50:14', 1),
       (62, 1, 'D259D60F8509749EDBB49AE522295651', 35, 5, 'Bigtax', '2021-02-19 17:50:22', 1),
       (63, 1, 'D259D60F8509749EDBB49AE522295651', 29, 4, '', '2021-02-19 17:50:24', 1),
       (64, 1, 'D259D60F8509749EDBB49AE522295651', 35, 6, 'Bitchip', '2021-02-19 17:50:34', NULL),
       (65, 1, 'D259D60F8509749EDBB49AE522295651', 29, 6, '', '2021-02-19 17:50:38', NULL),
       (66, 1, 'D259D60F8509749EDBB49AE522295651', 35, 7, 'Hatity', '2021-02-19 17:50:42', NULL),
       (67, 1, 'D259D60F8509749EDBB49AE522295651', 35, 8, 'Tresom', '2021-02-19 17:51:03', NULL),
       (68, 1, 'D259D60F8509749EDBB49AE522295651', 29, 1, '', '2021-02-19 17:51:12', 1),
       (69, 1, 'D259D60F8509749EDBB49AE522295651', 29, 4, '', '2021-02-19 17:51:14', 1),
       (70, 1, 'D259D60F8509749EDBB49AE522295651', 15, 1, '', '2021-02-19 17:52:46', 1),
       (71, 1, 'D259D60F8509749EDBB49AE522295651', 3, 1, '', '2021-02-19 17:52:51', 1),
       (72, 1, 'D259D60F8509749EDBB49AE522295651', 3, 1, '', '2021-02-19 17:52:57', 1),
       (73, 1, 'D259D60F8509749EDBB49AE522295651', 0, 1, 'Squirrel', '2021-02-19 17:53:05', 1),
       (74, 1, 'D259D60F8509749EDBB49AE522295651', 0, 1, 'Phat Gus', '2021-02-19 17:53:37', 1),
       (75, 1, 'D259D60F8509749EDBB49AE522295651', 2, 1, '1', '2021-02-19 17:53:57', 1),
       (76, 1, 'D259D60F8509749EDBB49AE522295651', 15, 2, '', '2021-02-19 17:54:32', NULL),
       (77, 1, 'D259D60F8509749EDBB49AE522295651', 3, 2, '', '2021-02-19 17:54:33', NULL),
       (78, 1, 'D259D60F8509749EDBB49AE522295651', 0, 2, 'Drone', '2021-02-19 17:54:43', NULL),
       (79, 1, 'D259D60F8509749EDBB49AE522295651', 2, 2, '2', '2021-02-19 17:54:56', NULL),
       (80, 1, 'D259D60F8509749EDBB49AE522295651', 2, 2, '3', '2021-02-19 17:55:26', NULL),
       (81, 1, 'D259D60F8509749EDBB49AE522295651', 0, 2, 'Private resource', '2021-02-19 17:55:43', NULL),
       (82, 1, 'D259D60F8509749EDBB49AE522295651', 29, 6, '', '2021-02-19 17:55:47', NULL),
       (83, 1, 'D259D60F8509749EDBB49AE522295651', 29, 7, '', '2021-02-19 17:55:53', NULL),
       (84, 1, 'D259D60F8509749EDBB49AE522295651', 15, 3, '', '2021-02-19 17:56:35', NULL),
       (85, 1, 'D259D60F8509749EDBB49AE522295651', 3, 3, '', '2021-02-19 17:56:38', NULL),
       (86, 1, 'D259D60F8509749EDBB49AE522295651', 0, 3, 'Private resource', '2021-02-19 17:56:45', NULL),
       (87, 1, 'D259D60F8509749EDBB49AE522295651', 29, 6, '', '2021-02-19 17:56:55', NULL),
       (88, 1, 'D259D60F8509749EDBB49AE522295651', 29, 7, '', '2021-02-19 17:56:56', NULL),
       (89, 1, 'D259D60F8509749EDBB49AE522295651', 10, 0, '', '2021-02-19 17:57:00', NULL),
       (90, 4, '1348BA456FAD482D6C4254F6F583FD62', 9, 0, '/lw/index.jsf', '2021-02-19 17:57:06', NULL),
       (91, 4, '1348BA456FAD482D6C4254F6F583FD62', 6, 1, '', '2021-02-19 17:57:13', 1),
       (92, 4, '1348BA456FAD482D6C4254F6F583FD62', 3, 1, '', '2021-02-19 17:57:15', 1),
       (93, 4, '1348BA456FAD482D6C4254F6F583FD62', 2, 1, '4', '2021-02-19 17:57:26', 1),
       (94, 4, '1348BA456FAD482D6C4254F6F583FD62', 0, 1, 'Marty', '2021-02-19 17:58:22', 1),
       (95, 4, '1348BA456FAD482D6C4254F6F583FD62', 0, 1, 'Rick', '2021-02-19 17:58:37', 1),
       (96, 4, '1348BA456FAD482D6C4254F6F583FD62', 2, 1, '5', '2021-02-19 17:58:53', 1),
       (97, 4, '1348BA456FAD482D6C4254F6F583FD62', 15, 4, '', '2021-02-19 18:04:01', 1),
       (98, 4, '1348BA456FAD482D6C4254F6F583FD62', 15, 5, '', '2021-02-19 18:04:15', 1),
       (99, 4, '1348BA456FAD482D6C4254F6F583FD62', 15, 6, '', '2021-02-19 18:04:29', 1),
       (100, 4, '1348BA456FAD482D6C4254F6F583FD62', 15, 7, '', '2021-02-19 18:04:41', 1),
       (101, 4, '1348BA456FAD482D6C4254F6F583FD62', 15, 8, '', '2021-02-19 18:04:54', 1),
       (102, 4, '1348BA456FAD482D6C4254F6F583FD62', 29, 3, '', '2021-02-19 18:05:03', 1),
       (103, 4, '1348BA456FAD482D6C4254F6F583FD62', 35, 9, 'Semper', '2021-02-19 18:05:21', 1),
       (104, 4, '1348BA456FAD482D6C4254F6F583FD62', 29, 2, '', '2021-02-19 18:05:24', 1),
       (105, 4, '1348BA456FAD482D6C4254F6F583FD62', 29, 1, '', '2021-02-19 18:05:26', 1),
       (106, 4, '1348BA456FAD482D6C4254F6F583FD62', 35, 10, 'Adipiscing', '2021-02-19 18:05:35', 1),
       (107, 4, '1348BA456FAD482D6C4254F6F583FD62', 3, 6, '', '2021-02-19 18:05:55', 1),
       (108, 4, '1348BA456FAD482D6C4254F6F583FD62', 2, 6, '6', '2021-02-19 18:06:18', 1),
       (109, 4, '1348BA456FAD482D6C4254F6F583FD62', 2, 6, '7', '2021-02-19 18:06:25', 1),
       (110, 4, '1348BA456FAD482D6C4254F6F583FD62', 0, 6, 'Squirrel', '2021-02-19 18:06:35', 1),
       (111, 4, '1348BA456FAD482D6C4254F6F583FD62', 2, 6, '8', '2021-02-19 18:06:44', 1),
       (112, 4, '1348BA456FAD482D6C4254F6F583FD62', 0, 6, 'Phat Gus', '2021-02-19 18:07:14', 1),
       (113, 4, '1348BA456FAD482D6C4254F6F583FD62', 0, 6, 'Cowboy', '2021-02-19 18:07:31', 1),
       (114, 4, '1348BA456FAD482D6C4254F6F583FD62', 15, 9, '', '2021-02-19 18:10:37', 1),
       (115, 4, '1348BA456FAD482D6C4254F6F583FD62', 3, 9, '', '2021-02-19 18:10:39', 1),
       (116, 4, '1348BA456FAD482D6C4254F6F583FD62', 37, 9, '', '2021-02-19 18:10:39', 1),
       (117, 4, '1348BA456FAD482D6C4254F6F583FD62', 43, 9, '-1', '2021-02-19 18:10:39', 1),
       (118, 4, '1348BA456FAD482D6C4254F6F583FD62', 43, 9, '-1', '2021-02-19 18:10:39', 1),
       (119, 4, '1348BA456FAD482D6C4254F6F583FD62', 3, 9, '', '2021-02-19 18:11:16', 1),
       (120, 4, '1348BA456FAD482D6C4254F6F583FD62', 37, 9, '', '2021-02-19 18:11:16', 1),
       (121, 4, '1348BA456FAD482D6C4254F6F583FD62', 43, 9, '-1', '2021-02-19 18:11:16', 1),
       (122, 4, '1348BA456FAD482D6C4254F6F583FD62', 43, 9, '-1', '2021-02-19 18:11:16', 1),
       (123, 4, '1348BA456FAD482D6C4254F6F583FD62', 43, 9, '-1', '2021-02-19 18:13:12', 1),
       (124, 4, '1348BA456FAD482D6C4254F6F583FD62', 43, 9, '-1', '2021-02-19 18:13:12', 1),
       (125, 4, '1348BA456FAD482D6C4254F6F583FD62', 43, 9, '-1', '2021-02-19 18:15:33', 1),
       (126, 4, '1348BA456FAD482D6C4254F6F583FD62', 43, 9, '-1', '2021-02-19 18:15:35', 1),
       (127, 4, '1348BA456FAD482D6C4254F6F583FD62', 40, 9, '-1', '2021-02-19 18:18:17', 1),
       (128, 4, '1348BA456FAD482D6C4254F6F583FD62', 3, 9, '', '2021-02-19 18:21:42', 1),
       (129, 4, '1348BA456FAD482D6C4254F6F583FD62', 37, 9, '', '2021-02-19 18:21:43', 1),
       (130, 4, '1348BA456FAD482D6C4254F6F583FD62', 43, 9, '-1', '2021-02-19 18:21:43', 1),
       (131, 4, '1348BA456FAD482D6C4254F6F583FD62', 43, 9, '-1', '2021-02-19 18:21:43', 1),
       (132, 4, '1348BA456FAD482D6C4254F6F583FD62', 43, 9, '-1', '2021-02-19 18:21:48', 1),
       (133, 4, '1348BA456FAD482D6C4254F6F583FD62', 43, 9, '-1', '2021-02-19 18:21:48', 1),
       (134, 4, '1348BA456FAD482D6C4254F6F583FD62', 43, 9, '-1', '2021-02-19 18:24:36', 1),
       (135, 4, '1348BA456FAD482D6C4254F6F583FD62', 43, 9, '-1', '2021-02-19 18:24:36', 1),
       (136, 4, '1348BA456FAD482D6C4254F6F583FD62', 43, 9, '-1', '2021-02-19 18:24:43', 1),
       (137, 4, '1348BA456FAD482D6C4254F6F583FD62', 43, 9, '-1', '2021-02-19 18:24:43', 1),
       (138, 4, '1348BA456FAD482D6C4254F6F583FD62', 40, 9, '-1', '2021-02-19 18:25:42', 1),
       (139, 4, '1348BA456FAD482D6C4254F6F583FD62', 43, 9, '-1', '2021-02-19 18:25:43', 1),
       (140, 4, '1348BA456FAD482D6C4254F6F583FD62', 43, 9, '-1', '2021-02-19 18:25:43', 1),
       (141, 4, '1348BA456FAD482D6C4254F6F583FD62', 40, 9, '-1', '2021-02-19 18:26:32', 1),
       (142, 4, '1348BA456FAD482D6C4254F6F583FD62', 43, 9, '-1', '2021-02-19 18:26:32', 1),
       (143, 4, '1348BA456FAD482D6C4254F6F583FD62', 43, 9, '-1', '2021-02-19 18:26:32', 1),
       (144, 4, '1348BA456FAD482D6C4254F6F583FD62', 40, 9, '-1', '2021-02-19 18:27:34', 1),
       (145, 4, '1348BA456FAD482D6C4254F6F583FD62', 43, 9, '-1', '2021-02-19 18:27:34', 1),
       (146, 4, '1348BA456FAD482D6C4254F6F583FD62', 43, 9, '-1', '2021-02-19 18:27:34', 1),
       (147, 4, '1348BA456FAD482D6C4254F6F583FD62', 43, 9, '-1', '2021-02-19 18:27:55', 1),
       (148, 4, '1348BA456FAD482D6C4254F6F583FD62', 43, 9, '-1', '2021-02-19 18:28:09', 1),
       (149, 4, '1348BA456FAD482D6C4254F6F583FD62', 40, 9, '-1', '2021-02-19 18:28:52', 1),
       (150, 4, '1348BA456FAD482D6C4254F6F583FD62', 43, 9, '-1', '2021-02-19 18:28:52', 1),
       (151, 4, '1348BA456FAD482D6C4254F6F583FD62', 43, 9, '-1', '2021-02-19 18:28:52', 1),
       (152, 4, '1348BA456FAD482D6C4254F6F583FD62', 40, 9, '-1', '2021-02-19 18:29:42', 1),
       (153, 4, '1348BA456FAD482D6C4254F6F583FD62', 43, 9, '-1', '2021-02-19 18:29:42', 1),
       (154, 4, '1348BA456FAD482D6C4254F6F583FD62', 43, 9, '-1', '2021-02-19 18:29:42', 1),
       (155, 4, '1348BA456FAD482D6C4254F6F583FD62', 40, 9, '-1', '2021-02-19 18:30:21', 1),
       (156, 4, '1348BA456FAD482D6C4254F6F583FD62', 43, 9, '-1', '2021-02-19 18:30:21', 1),
       (157, 4, '1348BA456FAD482D6C4254F6F583FD62', 43, 9, '-1', '2021-02-19 18:30:21', 1),
       (158, 4, '1348BA456FAD482D6C4254F6F583FD62', 40, 9, '-1', '2021-02-19 18:30:44', 1),
       (159, 4, '1348BA456FAD482D6C4254F6F583FD62', 43, 9, '-1', '2021-02-19 18:30:44', 1),
       (160, 4, '1348BA456FAD482D6C4254F6F583FD62', 43, 9, '-1', '2021-02-19 18:30:44', 1),
       (161, 4, '1348BA456FAD482D6C4254F6F583FD62', 40, 9, '-1', '2021-02-19 18:31:40', 1),
       (162, 4, '1348BA456FAD482D6C4254F6F583FD62', 43, 9, '-1', '2021-02-19 18:31:40', 1),
       (163, 4, '1348BA456FAD482D6C4254F6F583FD62', 43, 9, '-1', '2021-02-19 18:31:40', 1),
       (164, 4, '1348BA456FAD482D6C4254F6F583FD62', 40, 9, '-1', '2021-02-19 18:32:18', 1),
       (165, 4, '1348BA456FAD482D6C4254F6F583FD62', 43, 9, '-1', '2021-02-19 18:32:18', 1),
       (166, 4, '1348BA456FAD482D6C4254F6F583FD62', 43, 9, '-1', '2021-02-19 18:32:18', 1),
       (167, 4, '1348BA456FAD482D6C4254F6F583FD62', 29, 2, '', '2021-02-19 18:33:00', 1),
       (168, 4, '1348BA456FAD482D6C4254F6F583FD62', 11, 1, 'Elevator', '2021-02-19 18:33:50', 1),
       (169, 4, '1348BA456FAD482D6C4254F6F583FD62', 11, 2, 'How I Live Now', '2021-02-19 18:34:03', 1),
       (170, 4, '1348BA456FAD482D6C4254F6F583FD62', 10, 0, '', '2021-02-19 18:34:05', NULL),
       (171, 1, '872E967ECCE4B493B383AE268FF98E47', 9, 0, '/lw/index.jsf', '2021-02-19 18:34:10', NULL),
       (172, 1, '872E967ECCE4B493B383AE268FF98E47', 55, 2, 'How I Live Now', '2021-02-19 18:34:32', 1),
       (173, 1, '872E967ECCE4B493B383AE268FF98E47', 55, 2, 'How I Live Now', '2021-02-19 18:34:38', 1),
       (174, 1, '872E967ECCE4B493B383AE268FF98E47', 55, 2, 'How I Live Now', '2021-02-19 18:34:44', 1),
       (175, 1, '872E967ECCE4B493B383AE268FF98E47', 55, 1, 'Elevator', '2021-02-19 18:34:51', 1),
       (176, 1, '872E967ECCE4B493B383AE268FF98E47', 55, 1, 'Elevator', '2021-02-19 18:34:57', 1),
       (177, 1, '872E967ECCE4B493B383AE268FF98E47', 11, 3, 'Hair Show', '2021-02-19 18:35:12', 1),
       (178, 1, '872E967ECCE4B493B383AE268FF98E47', 11, 4, 'Carnosaur', '2021-02-19 18:35:26', 1),
       (179, 1, '872E967ECCE4B493B383AE268FF98E47', 55, 4, 'Carnosaur', '2021-02-19 18:35:32', 1),
       (180, 1, '872E967ECCE4B493B383AE268FF98E47', 55, 4, 'Carnosaur', '2021-02-19 18:35:38', 1),
       (181, 1, '872E967ECCE4B493B383AE268FF98E47', 55, 4, 'Carnosaur', '2021-02-19 18:35:57', 1),
       (182, 1, '872E967ECCE4B493B383AE268FF98E47', 10, 0, '', '2021-02-19 18:36:02', NULL),
       (183, 2, '691A252C8DE75836850B8C1D02CA0380', 9, 0, '/lw/index.jsf', '2021-02-19 18:36:09', NULL),
       (184, 2, '691A252C8DE75836850B8C1D02CA0380', 11, 5, 'Quisque porta volutpat erat.', '2021-02-19 18:36:30', 7),
       (185, 2, '691A252C8DE75836850B8C1D02CA0380', 55, 5, 'Quisque porta volutpat erat.', '2021-02-19 18:36:50', 7),
       (186, 2, '691A252C8DE75836850B8C1D02CA0380', 55, 5, 'Quisque porta volutpat erat.', '2021-02-19 18:36:57', 7),
       (187, 2, '691A252C8DE75836850B8C1D02CA0380', 10, 0, '', '2021-02-19 18:37:00', NULL),
       (188, 6, '289DF779CCACECB51156B90EC5D87D86', 9, 0, '/lw/index.jsf', '2021-02-19 18:38:08', NULL),
       (189, 6, '289DF779CCACECB51156B90EC5D87D86', 3, 6, '', '2021-02-19 18:38:13', 1),
       (190, 6, '289DF779CCACECB51156B90EC5D87D86', 2, 6, '9', '2021-02-19 18:38:30', 1),
       (191, 6, '289DF779CCACECB51156B90EC5D87D86', 2, 6, '10', '2021-02-19 18:38:37', 1),
       (192, 6, '289DF779CCACECB51156B90EC5D87D86', 2, 6, '11', '2021-02-19 18:38:45', 1),
       (193, 6, '289DF779CCACECB51156B90EC5D87D86', 17, 6, '9', '2021-02-19 18:38:50', 1),
       (194, 6, '289DF779CCACECB51156B90EC5D87D86', 0, 6, 'Cat', '2021-02-19 18:38:59', 1),
       (195, 6, '289DF779CCACECB51156B90EC5D87D86', 0, 6, 'Dog', '2021-02-19 18:39:18', 1),
       (196, 6, '289DF779CCACECB51156B90EC5D87D86', 0, 6, 'Cactus', '2021-02-19 18:39:34', 1),
       (197, 6, '289DF779CCACECB51156B90EC5D87D86', 17, 6, '10', '2021-02-19 18:39:56', 1),
       (198, 6, '289DF779CCACECB51156B90EC5D87D86', 2, 6, '12', '2021-02-19 18:40:37', 1);

SET FOREIGN_KEY_CHECKS = 1;
