INSERT INTO `learnweb_large`.`sl_query` (`search_id`, `group_id`, `query`, `mode`, `service`, `language`, `filters`, `user_id`, `timestamp`, `learnweb_version`)
VALUES (1, 0, 'Food', 'text', 'bing', 'it', NULL, 1, '2021-03-05 18:30:25', 3),
       (2, 0, 'spacex', 'video', 'vimeo', 'en', NULL, 2, '2021-03-05 12:53:42', 3),
       (3, 1, 'a whales tale', 'video', 'youtube', 'it', NULL, 4, '2021-03-05 07:42:29', 3);

INSERT INTO `learnweb_large`.`sl_resource` (`search_id`, `rank`, `resource_id`, `url`, `title`, `description`, `thumbnail_url`, `thumbnail_height`, `thumbnail_width`)
VALUES (1, 1, NULL, 'https://www.foodweb.it/', '<b>FOOD</b> - Il meglio dell’industria e della distribuzione ...', 'Analisi di mercato, dossier, case history, news, interviste ai protagonisti del food system, osservatori, rubriche', NULL, NULL, NULL),
       (1, 2, NULL, 'http://www.wordreference.com/enit/food', '<b>food</b> - Dizionario inglese-italiano WordReference', 'food - Traduzione del vocabolo e dei suoi composti, e discussioni del forum.', NULL, NULL, NULL),
       (1, 3, NULL, 'https://www.ilsole24ore.com/sez/food', 'Food24: le eccellenze della FoodEconomy per chi ama il ...', 'Food24 una guida olistica al buon cibo, al cibo come esperienza culturale, come comunicazione, al cibo come cultura, cibo come simbolo, come arte, come rifugio, come identità culturale, cibo come ...', NULL, NULL, NULL),
       (1, 4, NULL, 'https://en.wikipedia.org/wiki/Food', '<b>Food</b> - Wikipedia', 'Food is any substance consumed to provide nutritional support for an organism.Food is usually of plant, animal or fungal origin, and contains essential nutrients, such as carbohydrates, fats, proteins, vitamins, or minerals.The substance is ingested by an organism and assimilated by the organisms cells to provide energy, maintain life, or stimulate growth.', NULL, NULL, NULL),
       (1, 5, NULL, 'https://www.ifood.it/', 'iFood | infinito Amore per il Cibo', 'iFood è un portale che ruota attorno al Cibo e alle sue mille sfumature: ricette, fotografie, libri, viaggi, persone, luoghi e storie. È il rumore perfetto della crosta del pane, il movimento delle mani infarinate, la combinazione degli odori che rimandano ad un viaggio, al piatto assaggiato in un mondo lontano.', NULL, NULL, NULL),
       (1, 6, NULL, 'https://www.dictionary.com/browse/food', '<b>Food</b> | Definition of <b>Food</b> at Dictionary.com', 'Food definition, any nourishing substance that is eaten, drunk, or otherwise taken into the body to sustain life, provide energy, promote growth, etc. See more.', NULL, NULL, NULL),
       (1, 7, NULL, 'https://www.gruppofood.com/', 'Gruppo <b>Food</b> - Home - Gruppo <b>Food</b>', 'Gruppo Food mette a disposizione di industria e distribuzione alimentare servizi integrati per informare, formare e garantire perfomance competitive nellambito della comunicazione e del marketing. Business Journalism. Informazione costante sul mercato con opinioni, analisi, ...', NULL, NULL, NULL),
       (1, 8, NULL, 'https://www.slowfood.it/', 'Slow <b>Food</b> - Buono, Pulito e Giusto', 'Slow Food è una associazione internazionale no profit impegnata a ridare valore al cibo, nel rispetto di chi produce, in armonia con ambiente ed ecosistemi, grazie ai saperi di cui sono custodi territori e tradizioni locali', NULL, NULL, NULL),
       (1, 9, NULL, 'https://www.journals.elsevier.com/food-chemistry/', '<b>Food</b> Chemistry - Journal - Elsevier', 'Food Chemistry has two open access companion journals Food Chemistry: X and Food Chemistry: Molecular Sciences.. The Aims and Scope of Food Chemistry are assessed and modified on an annual basis to reflect developments in the field. This means that research topics that have been deemed in scope previously may now fall outside of the scope of the journal as our scientific and technical ...', NULL, NULL, NULL),
       (1, 10, NULL, 'http://www.fao.org/home/en/', 'Home | <b>Food and Agriculture Organization</b> of the United Nations', 'The Food and Agriculture Organization (FAO) is a specialized agency of the United Nations that leads international efforts to defeat hunger.', NULL, NULL, NULL),
       (2, 1, NULL, 'https://vimeo.com/248591160', 'SpaceX Falcon 9 Rocket Launch', 'Follow me:  https://www.facebook.com/JesseWatsonPhotography https://instagram.com/jessewatsonphoto  https://youtube.com/user/cyclemonkey?sub_confirmation=1 twitter.com/IamJesseWatson Timelapse video of the SpaceX Falcon 9 rocket launch from Vandenberg AFB as seen from Yuma, Arizona  Ive been following the SpaceX launches online for some time now and have been in awe of the footage I’ve seen. I found out about this specific launch from Vandenberg Air Force Base a few days prior to the event. I wanted to capture this amazing spectacle in a fashion that I haven’t seen previously, as most of what I have seen is cell phones video or news reels.   This particular launch was close to my hometown in Yuma, Arizona, roughly 400 miles away but perfectly viewable for people in Arizona. I’ve one previous rocket launch years ago from White Sands Missile range in the morning time at sunrise and knew with the correct lighting from sunset that this launch had the opportunity to pop in a dramatic...', 'https://i.vimeocdn.com/video/674160323_640x360.jpg?r=pad', 360, 640),
       (2, 2, NULL, 'https://vimeo.com/242601060', 'SpaceX:  We Choose', 'Director: Stash Capar Production: Sequoia Content Executive Producer: Suzanne Allan Producer: Katy Maravala DP: Kristofer Bonnell Production Designer: Brad Wilson Casting:  Mann Casting Editor:  Stash Capar Music:  Nikhil Seetharam Colour: Tricia Hagoriles @ Alter Ego Producer at Alter Ego:  Jane Garrah VFX:  Aaron Pozzer Sound Design: Kendra Welham', 'https://i.vimeocdn.com/video/666536754_640x360.jpg?r=pad', 360, 640),
       (2, 3, NULL, 'https://vimeo.com/180528272', 'SpaceX - Igniting Interest In Space Exploration', 'Thank you Elon Musk and all of the SpaceX team for igniting a generations interest in space exploration.  Music: KS Rhoads - Our Corner Of The Universe  Video: SpaceX NASA TV  Audio: 60 Minutes - Elon Musk Profile Piece The WorldPost - Key Innovations Of The Future | Elon Musk', 'https://i.vimeocdn.com/video/588777761_640x360.jpg?r=pad', 360, 640),
       (2, 4, NULL, 'https://vimeo.com/338361997', 'SpaceX Starlink objects train 24 May 2019', 'The train of Starlink satellites passing over Leiden, the Netherlands, about 22.5 hours after launch. Video with WATEC 902H + Canon FD 1.8/50 mm lens, GPS time inserter. Note for Media: you may freely use this video in newsitems, as long as you acknowledge the source (Marco Langbroek, Leiden, the Netherlands)', 'https://i.vimeocdn.com/video/785882047_640x360.jpg?r=pad', 360, 640),
       (2, 5, NULL, 'https://vimeo.com/41703786', 'SpaceX Texas Rocket Development Facility', 'An overview of SpaceXs Rocket Development Facility in McGregor, Texas.  Take a tour with SpaceX VP of Propulsion Tom Mueller.', 'https://i.vimeocdn.com/video/290688806_640x360.jpg?r=pad', 360, 640),
       (2, 6, NULL, 'https://vimeo.com/41871757', 'SpaceX Launch 12/8/10', 'Video summary of the December 8, 2010, COTS 1 Mission, the first launch of a Dragon spacecraft.  SpaceXs Falcon 9 rocket launched from the Cape Canaveral Air Force Station carrying a Dragon spacecraft. On that day, SpaceX became the first commercial company in history to successfully send a spacecraft to orbit and return it safety back to Earth.', 'https://i.vimeocdn.com/video/290680205_640x360.jpg?r=pad', 360, 640),
       (2, 7, NULL, 'https://vimeo.com/64615482', 'SpaceX Grasshopper 250m Test', 'SpaceXs Grasshopper flies 820 feet, tripling its March 7th leap.   Grasshopper is a 10-story Vertical Takeoff Vertical Landing (VTVL) vehicle that SpaceX has designed to test the technologies needed to return a rocket back to Earth intact. While most rockets are designed to burn up in the atmosphere during reentry, SpaceXs rockets are being designed to return to the launch pad for a vertical landing.', 'https://i.vimeocdn.com/video/436773445_640x360.jpg?r=pad', 360, 640),
       (2, 8, NULL, 'https://vimeo.com/184564192', 'SpaceX Interplanetary Transport System', '', 'https://i.vimeocdn.com/video/594037091_640x360.jpg?r=pad', 360, 640),
       (2, 9, NULL, 'https://vimeo.com/252569579', 'SpaceX - We Choose', 'Director: Stash Capar Production: Sequoia Content Executive Producer: Suzanne Allan Producer: Katy Maravala DP: Kristofer Bonnell Production Designer: Brad Wilson Casting: Mann Casting Editor: Stash Capar Music: Nikhil Seetharam Colour: Tricia Hagoriles @ Alter Ego Producer at Alter Ego: Jane Garrah VFX: Aaron Pozzer Sound Design: Kendra Welham', 'https://i.vimeocdn.com/video/679242718_960x398.jpg?r=pad', 398, 960),
       (2, 10, NULL, 'https://vimeo.com/108391685', 'Dragonland (A SpaceX Tribute)', '"Dragonland" is a music montage honoring SpaceX, specifically the robotic Dragon cargo ship and the recently announced Dragon V2 that will fly crew to the International Space Station and, later in the decade, the Bigelow Aerospace expandable habitats.  The music "Dragonland" is from the new album "Sun" by Thomas Bergersen.  You can download the album via his web site at www.thomasbergersen.com.  Visit our web site at www.spaceksc.com.  Were on Twitter at @SpaceKSCBlog.', 'https://i.vimeocdn.com/video/492058063_640x360.jpg?r=pad', 360, 640),
       (3, 1, NULL, 'https://www.youtube.com/watch?v=xFPoIU5iiYQ', 'A Whale&#39,s Tale | Hope Works', 'A whale helps smaller sea creatures who are trapped in plastic waste. On land a young boy seeks support to clear the sea in his area. Fishermen come to his aid ...', 'https://i.ytimg.com/vi/xFPoIU5iiYQ/hqdefault.jpg', 360, 480),
       (3, 2, NULL, 'https://www.youtube.com/watch?v=2SbMVDGv-XM', 'The Tale Of The Humpback Whale 💦🐋 | Gruffalo: The Snail &amp, The Whale', 'This is the tale of the humpback whale who answers the Snails one wish! #SnailAndTheWhale Gruffalo World is the official YouTube channel for all things ...', 'https://i.ytimg.com/vi/2SbMVDGv-XM/hqdefault.jpg', 360, 480),
       (3, 3, NULL, 'https://www.youtube.com/watch?v=nh7e1p15NF0', 'A Whale&#39,s Tale', 'Provided to YouTube by Polyvinyl Records A Whales Tale · Post Animal Post Animal Perform the Most Curious Water Activities ℗ 2017 Polyvinyl Record Co.', 'https://i.ytimg.com/vi/nh7e1p15NF0/hqdefault.jpg', 360, 480),
       (3, 4, NULL, 'https://www.youtube.com/watch?v=AkjTGCrLvAU', 'Kirk Douglas - A Whale of a Tale', 'Taken from the motion picture - 20000 Leagues Under the Sea starring Kirk Douglas and others. *Captions/subtitles included!', 'https://i.ytimg.com/vi/AkjTGCrLvAU/hqdefault.jpg', 360, 480),
       (3, 5, NULL, 'https://www.youtube.com/watch?v=-30cGbrKsZA', 'The Snail Sets Sail On The Whales Tail! | Gruffalo World:  Snail &amp, The Whale', 'Gruffalo World is the official YouTube channel for all things Gruffalo! Featuring exclusive clips and activity films created especially for children - subscribe to be a ...', 'https://i.ytimg.com/vi/-30cGbrKsZA/hqdefault.jpg', 360, 480),
       (3, 6, NULL, 'https://www.youtube.com/watch?v=IafxqppPvgQ', 'Jesus Solo and Ensemble A Whales Tale @ UIL Austin May 31', 'Love your talents son, blessed to have been able to follow you this year!!', 'https://i.ytimg.com/vi/IafxqppPvgQ/hqdefault.jpg', 360, 480),
       (3, 7, NULL, 'https://www.youtube.com/watch?v=tVMe8baPGDA', 'Hope Works | A Whale’s Tale | Cartoon Network UK 🇬🇧', 'Under the sea a whale tries to help the smaller creatures who are struggling with plastic waste. On land a young boy seeks help to clear the sea in his area.', 'https://i.ytimg.com/vi/tVMe8baPGDA/hqdefault.jpg', 360, 480),
       (3, 8, NULL, 'https://www.youtube.com/watch?v=43vn7KvMa7g', 'A Whales Tale: Humpback mother and calf in Baja California, Mexico', 'Humpback whales visit Baja California, Mexico every winter to mate and give birth to their calves. This is the story of a Humpback mother and calf told from the ...', 'https://i.ytimg.com/vi/43vn7KvMa7g/hqdefault.jpg', 360, 480),
       (3, 9, NULL, 'https://www.youtube.com/watch?v=TYhJmxGy4J4', 'Paw Patrol | Pups and a Whale Tale | Nick Jr. UK', 'The pups put a new spin on freeze tag after they fly far north to help free a baby whale thats trapped under the ice. For more Nick Jr. activities and games visit ...', 'https://i.ytimg.com/vi/TYhJmxGy4J4/hqdefault.jpg', 360, 480),
       (3, 10, NULL, 'https://www.youtube.com/watch?v=78gr0zFghNc', '60 Minutes: A whale tale (2017)', 'Growing to eight metres, dwarf minke whales might be incongruously named but there is no doubt about their magnificence. They are also rather elusive ...', 'https://i.ytimg.com/vi/78gr0zFghNc/hqdefault.jpg', 360, 480);

INSERT INTO `learnweb_large`.`sl_action` (`search_id`, `rank`, `user_id`, `action`, `timestamp`)
VALUES (1, 3, 1, 'resource_clicked', '2021-03-05 18:38:19'),
       (1, 4, 1, 'resource_clicked', '2021-03-05 18:39:09'),
       (1, 1, 1, 'resource_clicked', '2021-03-05 18:36:57'),
       (1, 2, 1, 'resource_clicked', '2021-03-05 18:37:52'),
       (1, 10, 1, 'resource_clicked', '2021-03-05 18:39:36'),
       (3, 1, 4, 'resource_clicked', '2021-03-05 07:42:54');

INSERT INTO `learnweb_large`.`speechrepository_video` (`id`, `title`, `url`, `rights`, `date`, `description`, `notes`, `image_link`, `video_link`, `duration`, `language`, `level`, `use`, `type`, `domains`, `terminology`, `learnweb_resource_id`)
VALUES (21662, 'European Young Farmers Day 2007', 'https://webgate.ec.europa.eu/sr/speech/european-young-farmers-day-2007', 'European Commission', 'Brussels, 17/04/2007', 'What future for our agriculture? - a day of dialogue', 'can be also used for memory exercises', 'https://webgate.ec.europa.eu/sr/sites/default/files/default_images/preview-default.png', 'https://webgate.ec.europa.eu/sr-files/vod/869a7463ba2ba84128dc8b6f21e5cee5/node/sr-speech_21662.mp4', 71, '(en) English', 'Beginner', 'consecutive', 'press conference', 'Agriculture, Employment and Social Policy, Trade', 'Common Agricultural Policy (CAP), health check, web streaming, blog', 0),
       (21663, 'Fourth European Cohesion Forum (Part 1 of 2)', 'https://webgate.ec.europa.eu/sr/speech/fourth-european-cohesion-forum-part-1-2', 'European Commission', 'Brussels, 27/09/2007', 'The "old" member countries can learn some things from the "new" ones', 'A long speech; good to build up stamina/practise teamwork. You can either interpret it in two parts or you practise turn-taking in the booth with a partner.', 'https://webgate.ec.europa.eu/sr/sites/default/files/default_images/preview-default.png', 'https://webgate.ec.europa.eu/sr-files/vod/fb4032c5962cea1e0365d6e49fe381c4/node/sr-speech_21663.mp4', 787, '(en) English', 'Beginner', 'simultaneous', 'conference', 'Regional Policy, Development', 'NatCommissioner Spidla, European Cohesion Fund, cohesion policy, enlargement, to catch up, demographic changes, not in the best shape, climate change, energy dependence, National Strategic Reference Framework, operational program, NGOs, national association of local authorities, Lisbon strategy, sustainable growth and development, human resources, GDP per capita, at the expense of, vulnerable groups, core principles, living standards, the human factor, labour skills', 0),
       (21664, 'Audizione parlamentare', 'https://webgate.ec.europa.eu/sr/speech/audizione-parlamentare', 'Parlamento Europeo', 'Bruxelles, 01/11/2004', 'Le sfide comunitarie', 'long, but easy to follow', 'https://webgate.ec.europa.eu/sr/sites/default/files/default_images/preview-default.png', 'https://webgate.ec.europa.eu/sr-files/vod/4fb504afa03df952fc9b215310d9d51a/node/sr-speech_21664.mp4', 615, '(it) italiano', 'Beginner', 'simultaneous', 'hearing', 'Institutional Affairs, Justice, Freedom and Security', 'Medesimi ideali, snodo, semigiurisdizionale, la tutela dei trattati, autorevolezza, legittimazione burocratica, soggettività politica, burocratizzazione, uffici, potere sottratto, Commissione Barroso, "Nemo plus iuris ad alium tribuere (transferre) potest quam ipse habet", pregiudicare, incarico, potere di codecisione, sfida, lo stato di diritto, Max Weber, ammonimento, "propter vitam vivendi perdere causas", stati sovrani, Guantánamo, campi di concentramento, ripugnante, paesi rivieraschi, andare a fondo, istruzione professionale, sbarrare, avere la pretesa, Convenzione di Ginevra, Antonio Vitorino.', 0),
       (21665, 'Fourth European Cohesion Forum (Part 2 of 2)', 'https://webgate.ec.europa.eu/sr/speech/fourth-european-cohesion-forum-part-2-2', 'European Commission', 'Brussels, 27/09/2007', 'The importance of the cohesion policy for new member states', '', 'https://webgate.ec.europa.eu/sr/sites/default/files/default_images/preview-default.png', 'https://webgate.ec.europa.eu/sr-files/vod/9b3283db416902b9c8912bc05b9fee78/node/sr-speech_21665.mp4', 642, '(en) English', 'Beginner', 'simultaneous', 'conference', 'Regional Policy, Development', 'R&D (Research and Development), Lisbon strategy, National Reform Programme, nanotechnologies, “wishful thinking”, Common European Energy Policy, Spring Summit of European Council, primary energy resources, GDP, Nabucco gas pipeline, the International Agency for Atomic Energy, renewables, cohesion policy', 0),
       (21666, 'Introductory speech', 'https://webgate.ec.europa.eu/sr/speech/introductory-speech', 'European Parliament', 'Brussels, 01/01/1970', 'Introductory speech to the audition of designated Commissioners', '', 'https://webgate.ec.europa.eu/sr/sites/default/files/default_images/preview-default.png', 'https://webgate.ec.europa.eu/sr-files/vod/e024a97d9de60d7f9ea098651934a7df/node/sr-speech_21666.mp4', 207, '(en) English', 'Beginner', 'simultaneous', 'hearing', 'General, Enlargement', 'hearings, Joseph Daul, Commissioners designate, public purpose, parliamentary accountability, transparency', 222903),
       (21667, 'Mineralölbesteuerung', 'https://webgate.ec.europa.eu/sr/speech/mineral%C3%B6lbesteuerung', 'Deutscher Bundestag', 'Berlin, 28/06/2005', 'Mineralölbesteuerung und Biokraftstoff', '', 'https://webgate.ec.europa.eu/sr/sites/default/files/default_images/preview-default.png', 'https://webgate.ec.europa.eu/sr-files/vod/fce9b873e83319fcd5ff9de7e0cbecae/node/sr-speech_21667.mp4', 198, '(de) Deutsch', 'Very advanced', 'simultaneous', 'debate', 'Energy, Taxation', 'Mineralölbesteuerung, Biokraftstoffbranche, Rapsmineralöl', 222904),
       (21668, 'Mineralölbesteuerung', 'https://webgate.ec.europa.eu/sr/speech/mineral%C3%B6lbesteuerung-0', 'Deutscher Bundestag', 'Berlin, 28/06/2005', 'Mineralölbesteuerung und Biokraftstoff', '', 'https://webgate.ec.europa.eu/sr/sites/default/files/default_images/preview-default.png', 'https://webgate.ec.europa.eu/sr-files/vod/fec16d1d594dae3de2fc1d8536896760/node/sr-speech_21668.mp4', 269, '(de) Deutsch', 'Advanced / Test-type', 'simultaneous', 'debate', 'Energy', 'Kraftstoffstrategie, Beimischungsverbot, Bioethanöl', 222899),
       (21669, 'Local authority', 'https://webgate.ec.europa.eu/sr/speech/local-authority', 'House of Commons', 'London, 01/02/2006', 'Presentation of social problems', '', 'https://webgate.ec.europa.eu/sr/sites/default/files/default_images/preview-default.png', 'https://webgate.ec.europa.eu/sr-files/vod/b83972e1aa62776ab9d15abf7ef6f387/node/sr-speech_21669.mp4', 580, '(en) English', 'Very advanced', 'simultaneous', 'debate', 'Employment and Social Policy', 'Right Honourable friend from Regents Park and Kensington North, Karen Buck, representative for Camberwell and Peckham, Georgian squares, council estates, Housing Needs Survey, social housing, constituency, local authorities, Islington, estate property, lease holder, indefatigable, street property, Right Honourable Lady for Barking, caught in the fire, CAP, Homes for Islington, Arms Length Management Organisation (ALMO), Private Finance Initiative, right-to-buyer, Margaret Hodge, Social Landlords Mandatory Reduction of Service Charges, Single Regeneration Budget (the SRB), Estates Renewal Challenge Fund (the ERCF), ring-fenced, Housing Revenue Account, to prune out', 222914),
       (21670, 'House of Commons: Prime Minister Question Time', 'https://webgate.ec.europa.eu/sr/speech/house-commons-prime-minister-question-time', 'House of Commons', 'London, 30/01/2007', 'War in Iraq', 'Date of the speech must be checked and corrected.', 'https://webgate.ec.europa.eu/sr/sites/default/files/default_images/preview-default.png', 'https://webgate.ec.europa.eu/sr-files/vod/fbdbfda408198bbfbae637420759f90c/node/sr-speech_21670.mp4', 521, '(en) English', 'Advanced / Test-type', 'simultaneous', 'debate', 'Foreign and Security Policy', 'Chief of the general staff, terrorism, intimidation, non-sectarian government, sunnies, shias, to exacerbate violence, to hand over, Muthanna province, Dhi Qar province, Basra, to clean up the militia, to dismay, bi-partisan policy, premature time-table, troop numbers, liaison committee, in defiance of the UN resolution', 222907),
       (21671, 'El reciclaje de medicamentos', 'https://webgate.ec.europa.eu/sr/speech/el-reciclaje-de-medicamentos', 'Comisión Europea', 'Bruselas, 14/04/2008', 'Los inconvenientes de donar medicamentos a países en vías de desarrollo', '', 'https://webgate.ec.europa.eu/sr/sites/default/files/default_images/preview-default.png', 'https://webgate.ec.europa.eu/sr-files/vod/07275a4e94ca08b4bbda0f4dac01871e/node/21671.mp4', 343, '(es) español', 'Intermediate', 'consecutive', 'pedagogical material', 'Health, Humanitarian Aid, Development', 'botiquín, catarro, analgésicos, colirios, OMS (Organización Mundial de la Salud), directriz, "pautas para donar correctas", prospectos, analgésicos, antibióticos de amplio espectro, antiparásitos, antipiréticos, caducado, enfermedades crónicas, "crisis Argentina", apilar, almacenamiento, destrucción, inundación, industria farmacéutica, ONG, tuberculosis, presupuesto, enfermedades tropicales, relaciones Norte-Sur, mundo en vías de desarrollo, mundo desarrollado, altruista, medioambiental, directivas europeas, dinero en efectivo, "puede ser mucho peor el remedio que la enfermedad"', 222906);

INSERT INTO `learnweb_large`.`ted_video` (`ted_id`, `resource_id`, `title`, `description`, `slug`, `viewed_count`, `published_at`, `talk_updated_at`, `photo1_url`, `photo1_width`, `photo1_height`, `photo2_url`, `photo2_width`, `photo2_height`, `tags`, `duration`, `json`)
VALUES (1, 73155, 'Al Gore: Averting the climate crisis', 'With the same humor and humanity he exuded in "An Inconvenient Truth," Al Gore spells out 15 ways that individuals can address climate change immediately, from buying a hybrid to inventing a new, hotter brand name for global warming.', 'al_gore_averting_the_climate_crisis', 3244426, '2006-06-27 00:11:00', '2017-09-28 16:35:27', 'http://images.ted.com/images/ted/205_113x85.jpg', 113, 85, 'http://images.ted.com/images/ted/205_240x180.jpg', 240, 180, 'politics, technology, environment, TED Conference, alternative energy, cars, sustainability, culture, climate change, science, global issues', 977, '{"tags":{"politics":"politics","technology":"technology","environment":"environment","TED Conference":"TED Conference","alternative energy":"alternative energy","cars":"cars","sustainability":"sustainability","culture":"culture","climate change":"climate change","science":"science","global issues":"global issues"},"photo_urls":[{"url":"http:\\/\\/images.ted.com\\/images\\/ted\\/205_113x85.jpg","size":"113x85"},{"url":"http:\\/\\/images.ted.com\\/images\\/ted\\/205_240x180.jpg","size":"240x180"}],"event_id":3,"recorded_at":"2006-02-25 00:00:00","native_language_code":"en","published_at":"2006-06-27 00:11:00","id":1,"languages":[{"language":{"iso_639_1":"sq","is_rtl":false,"language_code":"sq","iso_639_3":"sqi","hostname_prefix":null,"description":null,"name":"Albanian"}},{"language":{"iso_639_1":"ar","is_rtl":true,"language_code":"ar","iso_639_3":"ara","hostname_prefix":null,"description":null,"name":"Arabic"}},{"language":{"iso_639_1":"bg","is_rtl":false,"language_code":"bg","iso_639_3":"bul","hostname_prefix":null,"description":null,"name":"Bulgarian"}},{"language":{"iso_639_1":"zh","is_rtl":false,"language_code":"zh-cn","iso_639_3":"zho","hostname_prefix":"cn","description":null,"name":"Chinese, Simplified"}},{"language":{"iso_639_1":"zh","is_rtl":false,"language_code":"zh-tw","iso_639_3":"zho","hostname_prefix":"zh","description":null,"name":"Chinese, Traditional"}},{"language":{"iso_639_1":"hr","is_rtl":false,"language_code":"hr","iso_639_3":"hrv","hostname_prefix":null,"description":null,"name":"Croatian"}},{"language":{"iso_639_1":"nl","is_rtl":false,"language_code":"nl","iso_639_3":"nld","hostname_prefix":null,"description":null,"name":"Dutch"}},{"language":{"iso_639_1":"en","is_rtl":false,"language_code":"en","iso_639_3":"eng","hostname_prefix":null,"description":null,"name":"English"}},{"language":{"iso_639_1":"fr","is_rtl":false,"language_code":"fr","iso_639_3":"fra","hostname_prefix":null,"description":null,"name":"French"}},{"language":{"iso_639_1":"fr","is_rtl":false,"language_code":"fr-ca","iso_639_3":"fra","hostname_prefix":null,"description":null,"name":"French, Canadian"}},{"language":{"iso_639_1":"gl","is_rtl":false,"language_code":"gl","iso_639_3":"glg","hostname_prefix":null,"description":null,"name":"Galician"}},{"language":{"iso_639_1":"de","is_rtl":false,"language_code":"de","iso_639_3":"deu","hostname_prefix":null,"description":null,"name":"German"}},{"language":{"iso_639_1":"el","is_rtl":false,"language_code":"el","iso_639_3":"ell","hostname_prefix":null,"description":null,"name":"Greek"}},{"language":{"iso_639_1":"gu","is_rtl":false,"language_code":"gu","iso_639_3":"guj","hostname_prefix":null,"description":null,"name":"Gujarati"}},{"language":{"iso_639_1":"he","is_rtl":true,"language_code":"he","iso_639_3":"heb","hostname_prefix":null,"description":null,"name":"Hebrew"}},{"language":{"iso_639_1":"hi","is_rtl":false,"language_code":"hi","iso_639_3":"hin","hostname_prefix":null,"description":null,"name":"Hindi"}},{"language":{"iso_639_1":"hu","is_rtl":false,"language_code":"hu","iso_639_3":"hun","hostname_prefix":null,"description":null,"name":"Hungarian"}},{"language":{"iso_639_1":"id","is_rtl":false,"language_code":"id","iso_639_3":"ind","hostname_prefix":null,"description":null,"name":"Indonesian"}},{"language":{"iso_639_1":"it","is_rtl":false,"language_code":"it","iso_639_3":"ita","hostname_prefix":null,"description":null,"name":"Italian"}},{"language":{"iso_639_1":"ja","is_rtl":false,"language_code":"ja","iso_639_3":"jpn","hostname_prefix":null,"description":null,"name":"Japanese"}},{"language":{"iso_639_1":"ko","is_rtl":false,"language_code":"ko","iso_639_3":"kor","hostname_prefix":null,"description":null,"name":"Korean"}},{"language":{"iso_639_1":"lv","is_rtl":false,"language_code":"lv","iso_639_3":"lav","hostname_prefix":null,"description":null,"name":"Latvian"}},{"language":{"iso_639_1":"lt","is_rtl":false,"language_code":"lt","iso_639_3":"lit","hostname_prefix":null,"description":null,"name":"Lithuanian"}},{"language":{"iso_639_1":null,"is_rtl":false,"language_code":"rup","iso_639_3":"rup","hostname_prefix":null,"description":null,"name":"Macedo"}},{"language":{"iso_639_1":"mk","is_rtl":false,"language_code":"mk","iso_639_3":"mkd","hostname_prefix":null,"description":null,"name":"Macedonian"}},{"language":{"iso_639_1":"fa","is_rtl":true,"language_code":"fa","iso_639_3":"fas","hostname_prefix":null,"description":null,"name":"Persian"}},{"language":{"iso_639_1":"pl","is_rtl":false,"language_code":"pl","iso_639_3":"pol","hostname_prefix":null,"description":null,"name":"Polish"}},{"language":{"iso_639_1":"pt","is_rtl":false,"language_code":"pt","iso_639_3":"por","hostname_prefix":null,"description":null,"name":"Portuguese"}},{"language":{"iso_639_1":"pt","is_rtl":false,"language_code":"pt-br","iso_639_3":"por","hostname_prefix":"br","description":null,"name":"Portuguese, Brazilian"}},{"language":{"iso_639_1":"ro","is_rtl":false,"language_code":"ro","iso_639_3":"ron","hostname_prefix":null,"description":null,"name":"Romanian"}},{"language":{"iso_639_1":"ru","is_rtl":false,"language_code":"ru","iso_639_3":"rus","hostname_prefix":null,"description":null,"name":"Russian"}},{"language":{"iso_639_1":"sr","is_rtl":false,"language_code":"sr","iso_639_3":"srp","hostname_prefix":null,"description":null,"name":"Serbian"}},{"language":{"iso_639_1":"sk","is_rtl":false,"language_code":"sk","iso_639_3":"slk","hostname_prefix":null,"description":null,"name":"Slovak"}},{"language":{"iso_639_1":"sl","is_rtl":false,"language_code":"sl","iso_639_3":"slv","hostname_prefix":null,"description":null,"name":"Slovenian"}},{"language":{"iso_639_1":"es","is_rtl":false,"language_code":"es","iso_639_3":"spa","hostname_prefix":null,"description":null,"name":"Spanish"}},{"language":{"iso_639_1":"sw","is_rtl":false,"language_code":"sw","iso_639_3":"swa","hostname_prefix":null,"description":null,"name":"Swahili"}},{"language":{"iso_639_1":"sv","is_rtl":false,"language_code":"sv","iso_639_3":"swe","hostname_prefix":null,"description":null,"name":"Swedish"}},{"language":{"iso_639_1":"tl","is_rtl":false,"language_code":"tl","iso_639_3":"tgl","hostname_prefix":null,"description":null,"name":"Tagalog"}},{"language":{"iso_639_1":"th","is_rtl":false,"language_code":"th","iso_639_3":"tha","hostname_prefix":null,"description":null,"name":"Thai"}},{"language":{"iso_639_1":"tr","is_rtl":false,"language_code":"tr","iso_639_3":"tur","hostname_prefix":null,"description":null,"name":"Turkish"}},{"language":{"iso_639_1":"uk","is_rtl":false,"language_code":"uk","iso_639_3":"ukr","hostname_prefix":null,"description":null,"name":"Ukrainian"}},{"language":{"iso_639_1":"ur","is_rtl":true,"language_code":"ur","iso_639_3":"urd","hostname_prefix":null,"description":null,"name":"Urdu"}}],"released_at":"2013-12-02 21:24:10","updated_at":"2014-07-03 20:42:24","description":"With the same humor and humanity he exuded in <em>An Inconvenient Truth,<\\/em> Al Gore spells out 15 ways that individuals can address climate change immediately, from buying a hybrid to inventing a new, hotter \\"brand name\\" for global warming.","name":"Al Gore: Averting the climate crisis","slug":"al_gore_on_averting_climate_crisis","viewed_count":2563350,"media":{"id":24,"video_preroll_id":7,"duration":"00:16:17","updated_at":"2013-12-12 01:07:04","event_slug":"2006","created_at":"2011-06-02 20:32:28","slug":"AlGore_2006","user_id":null,"profiles":{"podcast-high-de":{},"podcast-low-ar_en":{},"podcast-light":{},"podcast-low-gl":{},"podcast-high-zh-cn_en":{},"450k":{},"podcast-high-es_en":{},"podcast-low-pl":{},"podcast-high-uk":{},"audio-podcast":{},"podcast-high-ur":{},"podcast-high-tr":{},"180k":{},"podcast-high-de_en":{},"600k":{},"podcast-low-gu":{},"podcast-high-ar_en":{},"podcast-high-zh-tw":{},"podcast-low-he":{},"podcast-high-lt":{},"podcast-high-lv":{},"podcast-high-vi":{},"podcast-low-fr":{},"podcast-high-el":{},"podcast-high-en":{},"podcast-high-es":{},"podcast-high-eu":{},"podcast-high-mk":{},"podcast-low-nl":{},"2500k":{},"podcast-high-fa":{},"podcast-high-bg":{},"podcast-low-tr":{},"podcast-low-el":{},"podcast-low-en":{},"podcast-high-sl":{},"podcast-low-de_en":{},"podcast-high-sk":{},"podcast-high-ru":{},"podcast-low-es":{},"podcast-low-mk":{},"podcast-low-eu":{},"podcast-low-ur":{},"podcast-low-fa":{},"320k":{},"podcast-low-uk":{},"podcast-low-de":{},"podcast-high-th":{},"podcast-low-zh-cn_en":{},"podcast-low-es_en":{},"podcast-low-rup":{},"podcast-high-tl":{},"podcast-high-pt-br":{},"podcast-high-sw":{},"podcast-low-vi":{},"podcast-high-ko":{},"1500k":{},"podcast-high-sv":{},"podcast-high":{},"podcast-high-cs":{},"podcast-high-sq":{},"podcast-high-sr":{},"podcast-low-lt":{},"podcast-low-lv":{},"transcript":{},"podcast-high-id":{},"podcast-low-ru":{},"podcast-low-zh-tw":{},"podcast-low-sk":{},"podcast-low-sl":{},"podcast-high-hr":{},"podcast-high-hu":{},"podcast-low-pt-br":{},"podcast-low-ko":{},"podcast-high-hi":{},"podcast-low-cs":{},"podcast-low-ja_en":{},"podcast-high-pt":{},"podcast-low-fr_en":{},"podcast-high-ja":{},"podcast-high-ro":{},"podcast-low-bg":{},"podcast-low-sr":{},"podcast-low-sq":{},"podcast-low-ko_en":{},"podcast-low-sv":{},"podcast-low-sw":{},"podcast-low-tl":{},"podcast-high-it":{},"podcast-high-ar":{},"podcast-low-th":{},"podcast-low-ja":{},"podcast-regular":{},"podcast-low-pt":{},"podcast-high-ja_en":{},"podcast-high-fr":{},"64k":{},"podcast-low-it":{},"podcast-low-zh-cn":{},"podcast-high-ko_en":{},"podcast-high-zh-cn":{},"podcast-low-ar":{},"podcast-high-nl":{},"podcast-high-pl":{},"podcast-high-he":{},"podcast-high-fr_en":{},"podcast-low-id":{},"950k":{},"podcast-high-rup":{},"podcast-high-gu":{},"podcast-low-ro":{},"podcast-low-hr":{},"podcast-low-hu":{},"podcast-high-gl":{},"podcast-low-hi":{}},"aspect_ratio":"4:3"}}'),
       (2, 73164, 'Amy Smith: Simple designs to save a life', 'Fumes from indoor cooking fires kill more than 2 million children a year in the developing world. MIT engineer Amy Smith details an exciting but simple solution: a tool for turning farm waste into clean-burning charcoal.', 'amy_smith_simple_designs_to_save_a_life', 1481912, '2006-08-15 00:11:00', '2015-08-18 20:28:54', 'http://images.ted.com/images/ted/1451_113x85.jpg', 113, 85, 'http://images.ted.com/images/ted/1451_240x180.jpg', 240, 180, 'invention, TED Conference, simplicity, alternative energy, industrial design, MacArthur grant, engineering, design, global issues', 906, '{"tags":{"invention":"invention","TED Conference":"TED Conference","simplicity":"simplicity","alternative energy":"alternative energy","industrial design":"industrial design","MacArthur grant":"MacArthur grant","engineering":"engineering","design":"design","global issues":"global issues"},"photo_urls":[{"url":"http:\\/\\/images.ted.com\\/images\\/ted\\/1451_113x85.jpg","size":"113x85"},{"url":"http:\\/\\/images.ted.com\\/images\\/ted\\/1451_240x180.jpg","size":"240x180"}],"event_id":3,"recorded_at":"2006-02-24 00:00:00","native_language_code":"en","published_at":"2006-08-15 00:11:00","id":2,"languages":[{"language":{"iso_639_1":"bg","is_rtl":false,"language_code":"bg","iso_639_3":"bul","hostname_prefix":null,"description":null,"name":"Bulgarian"}},{"language":{"iso_639_1":"ca","is_rtl":false,"language_code":"ca","iso_639_3":"cat","hostname_prefix":null,"description":null,"name":"Catalan"}},{"language":{"iso_639_1":"nl","is_rtl":false,"language_code":"nl","iso_639_3":"nld","hostname_prefix":null,"description":null,"name":"Dutch"}},{"language":{"iso_639_1":"en","is_rtl":false,"language_code":"en","iso_639_3":"eng","hostname_prefix":null,"description":null,"name":"English"}},{"language":{"iso_639_1":"fr","is_rtl":false,"language_code":"fr-ca","iso_639_3":"fra","hostname_prefix":null,"description":null,"name":"French, Canadian"}},{"language":{"iso_639_1":"de","is_rtl":false,"language_code":"de","iso_639_3":"deu","hostname_prefix":null,"description":null,"name":"German"}},{"language":{"iso_639_1":"he","is_rtl":true,"language_code":"he","iso_639_3":"heb","hostname_prefix":null,"description":null,"name":"Hebrew"}},{"language":{"iso_639_1":"id","is_rtl":false,"language_code":"id","iso_639_3":"ind","hostname_prefix":null,"description":null,"name":"Indonesian"}},{"language":{"iso_639_1":"ro","is_rtl":false,"language_code":"ro","iso_639_3":"ron","hostname_prefix":null,"description":null,"name":"Romanian"}},{"language":{"iso_639_1":"ru","is_rtl":false,"language_code":"ru","iso_639_3":"rus","hostname_prefix":null,"description":null,"name":"Russian"}},{"language":{"iso_639_1":"sk","is_rtl":false,"language_code":"sk","iso_639_3":"slk","hostname_prefix":null,"description":null,"name":"Slovak"}},{"language":{"iso_639_1":"es","is_rtl":false,"language_code":"es","iso_639_3":"spa","hostname_prefix":null,"description":null,"name":"Spanish"}},{"language":{"iso_639_1":"uk","is_rtl":false,"language_code":"uk","iso_639_3":"ukr","hostname_prefix":null,"description":null,"name":"Ukrainian"}},{"language":{"iso_639_1":"vi","is_rtl":false,"language_code":"vi","iso_639_3":"vie","hostname_prefix":null,"description":null,"name":"Vietnamese"}}],"released_at":"2013-12-12 20:29:35","updated_at":"2014-08-14 11:51:41","description":"Fumes from indoor cooking fires kill more than 2 million children a year in the developing world. MIT engineer Amy Smith details an exciting but simple solution: a tool for turning farm waste into clean-burning charcoal.","name":"Amy Smith: Simple designs to save a life","slug":"amy_smith_shares_simple_lifesaving_design","viewed_count":783617,"media":{"id":31,"video_preroll_id":7,"duration":"00:15:06","updated_at":"2014-01-02 18:30:13","event_slug":"2006","created_at":"2011-06-02 20:32:39","slug":"AmySmith_2006","user_id":null,"profiles":{"podcast-high-de":{},"transcript":{},"podcast-light":{},"podcast-high-id":{},"450k":{},"podcast-low-pl":{},"audio-podcast":{},"podcast-low-ru":{},"podcast-low-zh-tw":{},"180k":{},"podcast-high-tr":{},"600k":{},"podcast-high-fr-ca":{},"podcast-low-pt-br":{},"podcast-high-hu":{},"podcast-low-ko":{},"podcast-high-zh-tw":{},"podcast-low-he":{},"podcast-high-pt":{},"podcast-high-ja":{},"podcast-high-ro":{},"podcast-high-vi":{},"podcast-high-el":{},"podcast-low-fr":{},"podcast-low-bg":{},"podcast-high-en":{},"podcast-low-sv":{},"podcast-high-es":{},"podcast-low-nl":{},"2500k":{},"podcast-high-it":{},"podcast-high-ar":{},"podcast-high-bg":{},"podcast-low-ja":{},"podcast-low-tr":{},"podcast-regular":{},"podcast-low-pt":{},"podcast-low-el":{},"podcast-low-en":{},"podcast-low-es":{},"podcast-high-ru":{},"podcast-high-fr":{},"64k":{},"podcast-low-it":{},"podcast-low-zh-cn":{},"podcast-low-ar":{},"podcast-high-zh-cn":{},"320k":{},"podcast-high-nl":{},"podcast-high-he":{},"podcast-high-pl":{},"podcast-low-de":{},"podcast-low-fr-ca":{},"podcast-low-id":{},"950k":{},"podcast-high-pt-br":{},"podcast-low-vi":{},"1500k":{},"podcast-high-ko":{},"podcast-high-sv":{},"podcast-low-ro":{},"podcast-high":{},"podcast-low-hu":{}},"aspect_ratio":"4:3"}}'),
       (3, 73165, 'Ashraf Ghani: How to rebuild a broken state', 'Ashraf Ghanis passionate and powerful 10-minute talk, emphasizing the necessity of both economic investment and design ingenuity to rebuild broken states, is followed by a conversation with TED curator Chris Anderson on the future of Afghanistan.', 'ashraf_ghani_how_to_rebuild_a_broken_state', 836074, '2006-10-18 00:11:00', '2018-01-02 21:07:48', 'http://images.ted.com/images/ted/f0244673707e0d53f813d494600e7a5bad023725_113x85.jpg', 113, 85, 'http://images.ted.com/images/ted/f0244673707e0d53f813d494600e7a5bad023725_240x180.jpg', 240, 180, 'entrepreneur, development, TED Global, corruption, economics, investment, culture, business, military, global issues', 1125, '{"tags":{"entrepreneur":"entrepreneur","development":"development","TED Global":"TED Global","corruption":"corruption","economics":"economics","investment":"investment","culture":"culture","business":"business","military":"military","global issues":"global issues"},"photo_urls":[{"url":"http:\\/\\/images.ted.com\\/images\\/ted\\/f0244673707e0d53f813d494600e7a5bad023725_113x85.jpg","size":"113x85"},{"url":"http:\\/\\/images.ted.com\\/images\\/ted\\/f0244673707e0d53f813d494600e7a5bad023725_240x180.jpg","size":"240x180"}],"event_id":8,"recorded_at":"2005-07-12 00:00:00","native_language_code":"en","published_at":"2006-10-18 00:11:00","id":3,"languages":[{"language":{"iso_639_1":"ar","is_rtl":true,"language_code":"ar","iso_639_3":"ara","hostname_prefix":null,"description":null,"name":"Arabic"}},{"language":{"iso_639_1":"bg","is_rtl":false,"language_code":"bg","iso_639_3":"bul","hostname_prefix":null,"description":null,"name":"Bulgarian"}},{"language":{"iso_639_1":"zh","is_rtl":false,"language_code":"zh-cn","iso_639_3":"zho","hostname_prefix":"cn","description":null,"name":"Chinese, Simplified"}},{"language":{"iso_639_1":"zh","is_rtl":false,"language_code":"zh-tw","iso_639_3":"zho","hostname_prefix":"zh","description":null,"name":"Chinese, Traditional"}},{"language":{"iso_639_1":"cs","is_rtl":false,"language_code":"cs","iso_639_3":"ces","hostname_prefix":null,"description":null,"name":"Czech"}},{"language":{"iso_639_1":"nl","is_rtl":false,"language_code":"nl","iso_639_3":"nld","hostname_prefix":null,"description":null,"name":"Dutch"}},{"language":{"iso_639_1":"en","is_rtl":false,"language_code":"en","iso_639_3":"eng","hostname_prefix":null,"description":null,"name":"English"}},{"language":{"iso_639_1":"fr","is_rtl":false,"language_code":"fr","iso_639_3":"fra","hostname_prefix":null,"description":null,"name":"French"}},{"language":{"iso_639_1":"de","is_rtl":false,"language_code":"de","iso_639_3":"deu","hostname_prefix":null,"description":null,"name":"German"}},{"language":{"iso_639_1":"el","is_rtl":false,"language_code":"el","iso_639_3":"ell","hostname_prefix":null,"description":null,"name":"Greek"}},{"language":{"iso_639_1":"he","is_rtl":true,"language_code":"he","iso_639_3":"heb","hostname_prefix":null,"description":null,"name":"Hebrew"}},{"language":{"iso_639_1":"hu","is_rtl":false,"language_code":"hu","iso_639_3":"hun","hostname_prefix":null,"description":null,"name":"Hungarian"}},{"language":{"iso_639_1":"it","is_rtl":false,"language_code":"it","iso_639_3":"ita","hostname_prefix":null,"description":null,"name":"Italian"}},{"language":{"iso_639_1":"ja","is_rtl":false,"language_code":"ja","iso_639_3":"jpn","hostname_prefix":null,"description":null,"name":"Japanese"}},{"language":{"iso_639_1":"ko","is_rtl":false,"language_code":"ko","iso_639_3":"kor","hostname_prefix":null,"description":null,"name":"Korean"}},{"language":{"iso_639_1":"pl","is_rtl":false,"language_code":"pl","iso_639_3":"pol","hostname_prefix":null,"description":null,"name":"Polish"}},{"language":{"iso_639_1":"pt","is_rtl":false,"language_code":"pt-br","iso_639_3":"por","hostname_prefix":"br","description":null,"name":"Portuguese, Brazilian"}},{"language":{"iso_639_1":"ro","is_rtl":false,"language_code":"ro","iso_639_3":"ron","hostname_prefix":null,"description":null,"name":"Romanian"}},{"language":{"iso_639_1":"ru","is_rtl":false,"language_code":"ru","iso_639_3":"rus","hostname_prefix":null,"description":null,"name":"Russian"}},{"language":{"iso_639_1":"es","is_rtl":false,"language_code":"es","iso_639_3":"spa","hostname_prefix":null,"description":null,"name":"Spanish"}},{"language":{"iso_639_1":"tr","is_rtl":false,"language_code":"tr","iso_639_3":"tur","hostname_prefix":null,"description":null,"name":"Turkish"}},{"language":{"iso_639_1":"uk","is_rtl":false,"language_code":"uk","iso_639_3":"ukr","hostname_prefix":null,"description":null,"name":"Ukrainian"}}],"released_at":"2014-04-11 04:08:46","updated_at":"2014-08-05 20:18:08","description":"Ashraf Ghanis passionate and powerful 10-minute talk, emphasizing the necessity of both economic investment and design ingenuity to rebuild broken states, is followed by a conversation with TED curator Chris Anderson on the future of Afghanistan.","name":"Ashraf Ghani: How to rebuild a broken state","slug":"ashraf_ghani_on_rebuilding_broken_states","viewed_count":540467,"media":{"id":47,"video_preroll_id":7,"duration":"00:18:45","updated_at":"2014-04-11 14:42:05","event_slug":"2005G","created_at":"2011-06-02 20:33:05","slug":"AshrafGhani_2005G","user_id":null,"profiles":{"podcast-high-de":{},"transcript":{},"podcast-light":{},"450k":{},"podcast-high-uk":{},"podcast-low-pl":{},"audio-podcast":{},"podcast-low-ru":{},"podcast-low-zh-tw":{},"180k":{},"podcast-high-tr":{},"600k":{},"podcast-low-pt-br":{},"podcast-high-hu":{},"podcast-high-zh-tw":{},"podcast-low-ko":{},"podcast-low-he":{},"podcast-low-cs":{},"podcast-high-ja":{},"podcast-high-ro":{},"podcast-high-el":{},"podcast-low-fr":{},"podcast-low-bg":{},"podcast-high-en":{},"podcast-high-es":{},"podcast-low-nl":{},"2500k":{},"podcast-high-it":{},"podcast-high-ar":{},"podcast-high-bg":{},"podcast-low-ja":{},"podcast-low-tr":{},"podcast-regular":{},"podcast-low-el":{},"podcast-low-en":{},"podcast-low-es":{},"podcast-high-ru":{},"podcast-high-fr":{},"64k":{},"podcast-low-it":{},"podcast-low-zh-cn":{},"podcast-high-zh-cn":{},"podcast-low-ar":{},"320k":{},"podcast-high-nl":{},"podcast-low-uk":{},"podcast-high-pl":{},"podcast-high-he":{},"podcast-low-de":{},"950k":{},"podcast-high-pt-br":{},"podcast-high-ko":{},"1500k":{},"podcast-low-ro":{},"podcast-high":{},"podcast-high-cs":{},"podcast-low-hu":{},"podcast-low-hi":{}},"aspect_ratio":"4:3"}}'),
       (4, 73166, 'Burt Rutan: The real future of space exploration', 'In this passionate talk, legendary spacecraft designer Burt Rutan lambasts the US government-funded space program for stagnating and asks entrepreneurs to pick up where NASA has left off.', 'burt_rutan_the_real_future_of_space_exploration', 2117799, '2006-10-25 00:11:00', '2017-09-28 16:35:20', 'http://images.ted.com/images/ted/1b5cb72c2fa3e58e4c268e9e37eba833b43689bb_113x85.jpg', 113, 85, 'http://images.ted.com/images/ted/1b5cb72c2fa3e58e4c268e9e37eba833b43689bb_240x180.jpg', 240, 180, 'invention, entrepreneur, flight, TED Conference, rocket science, NASA, aircraft, industrial design, engineering, design, business', 1177, '{"tags":{"invention":"invention","entrepreneur":"entrepreneur","flight":"flight","TED Conference":"TED Conference","rocket science":"rocket science","NASA":"NASA","aircraft":"aircraft","industrial design":"industrial design","engineering":"engineering","design":"design","business":"business"},"photo_urls":[{"url":"http:\\/\\/images.ted.com\\/images\\/ted\\/1b5cb72c2fa3e58e4c268e9e37eba833b43689bb_113x85.jpg","size":"113x85"},{"url":"http:\\/\\/images.ted.com\\/images\\/ted\\/1b5cb72c2fa3e58e4c268e9e37eba833b43689bb_240x180.jpg","size":"240x180"}],"event_id":3,"recorded_at":"2006-02-24 00:00:00","native_language_code":"en","published_at":"2006-10-25 00:11:00","id":4,"languages":[{"language":{"iso_639_1":"ar","is_rtl":true,"language_code":"ar","iso_639_3":"ara","hostname_prefix":null,"description":null,"name":"Arabic"}},{"language":{"iso_639_1":"az","is_rtl":false,"language_code":"az","iso_639_3":"aze","hostname_prefix":null,"description":null,"name":"Azerbaijani"}},{"language":{"iso_639_1":"bg","is_rtl":false,"language_code":"bg","iso_639_3":"bul","hostname_prefix":null,"description":null,"name":"Bulgarian"}},{"language":{"iso_639_1":"zh","is_rtl":false,"language_code":"zh-cn","iso_639_3":"zho","hostname_prefix":"cn","description":null,"name":"Chinese, Simplified"}},{"language":{"iso_639_1":"zh","is_rtl":false,"language_code":"zh-tw","iso_639_3":"zho","hostname_prefix":"zh","description":null,"name":"Chinese, Traditional"}},{"language":{"iso_639_1":"cs","is_rtl":false,"language_code":"cs","iso_639_3":"ces","hostname_prefix":null,"description":null,"name":"Czech"}},{"language":{"iso_639_1":"nl","is_rtl":false,"language_code":"nl","iso_639_3":"nld","hostname_prefix":null,"description":null,"name":"Dutch"}},{"language":{"iso_639_1":"en","is_rtl":false,"language_code":"en","iso_639_3":"eng","hostname_prefix":null,"description":null,"name":"English"}},{"language":{"iso_639_1":"fi","is_rtl":false,"language_code":"fi","iso_639_3":"fin","hostname_prefix":null,"description":null,"name":"Finnish"}},{"language":{"iso_639_1":"fr","is_rtl":false,"language_code":"fr","iso_639_3":"fra","hostname_prefix":null,"description":null,"name":"French"}},{"language":{"iso_639_1":"de","is_rtl":false,"language_code":"de","iso_639_3":"deu","hostname_prefix":null,"description":null,"name":"German"}},{"language":{"iso_639_1":"el","is_rtl":false,"language_code":"el","iso_639_3":"ell","hostname_prefix":null,"description":null,"name":"Greek"}},{"language":{"iso_639_1":"he","is_rtl":true,"language_code":"he","iso_639_3":"heb","hostname_prefix":null,"description":null,"name":"Hebrew"}},{"language":{"iso_639_1":"hi","is_rtl":false,"language_code":"hi","iso_639_3":"hin","hostname_prefix":null,"description":null,"name":"Hindi"}},{"language":{"iso_639_1":"hu","is_rtl":false,"language_code":"hu","iso_639_3":"hun","hostname_prefix":null,"description":null,"name":"Hungarian"}},{"language":{"iso_639_1":"it","is_rtl":false,"language_code":"it","iso_639_3":"ita","hostname_prefix":null,"description":null,"name":"Italian"}},{"language":{"iso_639_1":"ja","is_rtl":false,"language_code":"ja","iso_639_3":"jpn","hostname_prefix":null,"description":null,"name":"Japanese"}},{"language":{"iso_639_1":"ko","is_rtl":false,"language_code":"ko","iso_639_3":"kor","hostname_prefix":null,"description":null,"name":"Korean"}},{"language":{"iso_639_1":"mk","is_rtl":false,"language_code":"mk","iso_639_3":"mkd","hostname_prefix":null,"description":null,"name":"Macedonian"}},{"language":{"iso_639_1":"fa","is_rtl":true,"language_code":"fa","iso_639_3":"fas","hostname_prefix":null,"description":null,"name":"Persian"}},{"language":{"iso_639_1":"pl","is_rtl":false,"language_code":"pl","iso_639_3":"pol","hostname_prefix":null,"description":null,"name":"Polish"}},{"language":{"iso_639_1":"pt","is_rtl":false,"language_code":"pt","iso_639_3":"por","hostname_prefix":null,"description":null,"name":"Portuguese"}},{"language":{"iso_639_1":"pt","is_rtl":false,"language_code":"pt-br","iso_639_3":"por","hostname_prefix":"br","description":null,"name":"Portuguese, Brazilian"}},{"language":{"iso_639_1":"ro","is_rtl":false,"language_code":"ro","iso_639_3":"ron","hostname_prefix":null,"description":null,"name":"Romanian"}},{"language":{"iso_639_1":"ru","is_rtl":false,"language_code":"ru","iso_639_3":"rus","hostname_prefix":null,"description":null,"name":"Russian"}},{"language":{"iso_639_1":"es","is_rtl":false,"language_code":"es","iso_639_3":"spa","hostname_prefix":null,"description":null,"name":"Spanish"}},{"language":{"iso_639_1":"tr","is_rtl":false,"language_code":"tr","iso_639_3":"tur","hostname_prefix":null,"description":null,"name":"Turkish"}}],"released_at":"2013-09-25 15:44:12","updated_at":"2014-07-03 20:42:24","description":"In this passionate talk, legendary spacecraft designer Burt Rutan lambasts the US government-funded space program for stagnating and asks entrepreneurs to pick up where NASA has left off. ","name":"Burt Rutan: The real future of space exploration","slug":"burt_rutan_sees_the_future_of_space","viewed_count":1466157,"media":{"id":65,"video_preroll_id":7,"duration":"00:19:37","updated_at":"2014-03-07 21:15:28","event_slug":"2006","created_at":"2011-06-02 20:33:34","slug":"BurtRutan_2006","user_id":null,"profiles":{"podcast-high-de":{},"transcript":{},"podcast-light":{},"450k":{},"podcast-low-pl":{},"audio-podcast":{},"podcast-low-ru":{},"podcast-low-zh-tw":{},"180k":{},"podcast-high-tr":{},"600k":{},"podcast-low-pt-br":{},"podcast-high-hu":{},"podcast-low-ko":{},"podcast-high-zh-tw":{},"podcast-low-he":{},"podcast-high-hi":{},"podcast-low-cs":{},"podcast-high-pt":{},"podcast-high-ja":{},"podcast-low-fi":{},"podcast-high-ro":{},"podcast-low-fr":{},"podcast-low-bg":{},"podcast-high-el":{},"podcast-high-en":{},"podcast-high-es":{},"podcast-high-az":{},"podcast-high-mk":{},"podcast-low-nl":{},"2500k":{},"podcast-high-it":{},"podcast-high-ar":{},"podcast-high-fa":{},"podcast-high-bg":{},"podcast-low-ja":{},"podcast-low-tr":{},"podcast-regular":{},"podcast-low-pt":{},"podcast-low-el":{},"podcast-low-en":{},"podcast-low-es":{},"podcast-high-ru":{},"podcast-low-mk":{},"podcast-high-fr":{},"podcast-low-az":{},"64k":{},"podcast-low-it":{},"podcast-high-fi":{},"podcast-low-zh-cn":{},"podcast-low-ar":{},"podcast-high-zh-cn":{},"podcast-low-fa":{},"320k":{},"podcast-high-nl":{},"podcast-high-pl":{},"podcast-high-he":{},"podcast-low-de":{},"950k":{},"podcast-high-pt-br":{},"podcast-high-ko":{},"1500k":{},"podcast-low-ro":{},"podcast-high":{},"podcast-high-cs":{},"podcast-low-hu":{},"podcast-low-hi":{}},"aspect_ratio":"4:3"}}'),
       (5, 73167, 'Chris Bangle: Great cars are great art', 'American designer Chris Bangle explains his philosophy that car design is an art form in its own right, with an entertaining -- and ultimately moving -- account of the BMW Groups Deep Blue project, intended to create the SUV of the future.', 'chris_bangle_great_cars_are_great_art', 883223, '2007-04-05 00:11:00', '2017-04-06 19:03:33', 'http://images.ted.com/images/ted/384_113x85.jpg', 113, 85, 'http://images.ted.com/images/ted/384_240x180.jpg', 240, 180, 'invention, technology, TED Conference, arts, cars, transportation, industrial design, design, business', 1204, '{"tags":{"invention":"invention","technology":"technology","TED Conference":"TED Conference","arts":"arts","cars":"cars","transportation":"transportation","industrial design":"industrial design","design":"design","business":"business"},"photo_urls":[{"url":"http:\\/\\/images.ted.com\\/images\\/ted\\/384_113x85.jpg","size":"113x85"},{"url":"http:\\/\\/images.ted.com\\/images\\/ted\\/384_240x180.jpg","size":"240x180"}],"event_id":7,"recorded_at":"2002-02-02 00:00:00","native_language_code":"en","published_at":"2007-04-05 00:11:00","id":5,"languages":[{"language":{"iso_639_1":"ar","is_rtl":true,"language_code":"ar","iso_639_3":"ara","hostname_prefix":null,"description":null,"name":"Arabic"}},{"language":{"iso_639_1":"bg","is_rtl":false,"language_code":"bg","iso_639_3":"bul","hostname_prefix":null,"description":null,"name":"Bulgarian"}},{"language":{"iso_639_1":"nl","is_rtl":false,"language_code":"nl","iso_639_3":"nld","hostname_prefix":null,"description":null,"name":"Dutch"}},{"language":{"iso_639_1":"en","is_rtl":false,"language_code":"en","iso_639_3":"eng","hostname_prefix":null,"description":null,"name":"English"}},{"language":{"iso_639_1":"de","is_rtl":false,"language_code":"de","iso_639_3":"deu","hostname_prefix":null,"description":null,"name":"German"}},{"language":{"iso_639_1":"hu","is_rtl":false,"language_code":"hu","iso_639_3":"hun","hostname_prefix":null,"description":null,"name":"Hungarian"}},{"language":{"iso_639_1":"ja","is_rtl":false,"language_code":"ja","iso_639_3":"jpn","hostname_prefix":null,"description":null,"name":"Japanese"}},{"language":{"iso_639_1":"ko","is_rtl":false,"language_code":"ko","iso_639_3":"kor","hostname_prefix":null,"description":null,"name":"Korean"}},{"language":{"iso_639_1":"ku","is_rtl":true,"language_code":"ku","iso_639_3":"kur","hostname_prefix":null,"description":null,"name":"Kurdish"}},{"language":{"iso_639_1":"pt","is_rtl":false,"language_code":"pt-br","iso_639_3":"por","hostname_prefix":"br","description":null,"name":"Portuguese, Brazilian"}},{"language":{"iso_639_1":"ru","is_rtl":false,"language_code":"ru","iso_639_3":"rus","hostname_prefix":null,"description":null,"name":"Russian"}},{"language":{"iso_639_1":"sr","is_rtl":false,"language_code":"sr","iso_639_3":"srp","hostname_prefix":null,"description":null,"name":"Serbian"}},{"language":{"iso_639_1":"es","is_rtl":false,"language_code":"es","iso_639_3":"spa","hostname_prefix":null,"description":null,"name":"Spanish"}},{"language":{"iso_639_1":"tr","is_rtl":false,"language_code":"tr","iso_639_3":"tur","hostname_prefix":null,"description":null,"name":"Turkish"}}],"released_at":"2014-01-15 23:10:03","updated_at":"2014-07-03 20:42:24","description":"American designer Chris Bangle explains his philosophy that car design is an art form in its own right, with an entertaining -- and ultimately moving -- account of the BMW Groups Deep Blue project, intended to create the SUV of the future.","name":"Chris Bangle: Great cars are great art","slug":"chris_bangle_says_great_cars_are_art","viewed_count":593421,"media":{"id":81,"video_preroll_id":7,"duration":"00:20:04","updated_at":"2014-04-10 21:26:20","event_slug":"2002","created_at":"2011-06-02 20:33:57","slug":"ChrisBangle_2002","user_id":null,"profiles":{"podcast-high-de":{},"transcript":{},"podcast-light":{},"450k":{},"podcast-low-pl":{},"audio-podcast":{},"podcast-low-ru":{},"podcast-low-sk":{},"podcast-low-zh-tw":{},"180k":{},"podcast-high-tr":{},"600k":{},"podcast-high-hu":{},"podcast-low-pt-br":{},"podcast-low-ko":{},"podcast-high-zh-tw":{},"podcast-low-he":{},"podcast-high-ja":{},"podcast-high-ro":{},"podcast-low-sr":{},"podcast-low-fr":{},"podcast-low-bg":{},"podcast-high-en":{},"podcast-high-es":{},"podcast-low-nl":{},"2500k":{},"podcast-high-it":{},"podcast-high-ar":{},"podcast-low-th":{},"podcast-high-bg":{},"podcast-low-ja":{},"podcast-low-tr":{},"podcast-regular":{},"podcast-low-en":{},"podcast-high-sk":{},"podcast-low-es":{},"podcast-high-ru":{},"podcast-high-fr":{},"64k":{},"podcast-low-zh-cn":{},"podcast-high-zh-cn":{},"podcast-low-ar":{},"320k":{},"podcast-high-nl":{},"podcast-high-he":{},"podcast-high-pl":{},"podcast-high-th":{},"podcast-low-de":{},"950k":{},"podcast-high-pt-br":{},"1500k":{},"podcast-high-ko":{},"podcast-low-ro":{},"podcast-high":{},"podcast-low-hu":{},"podcast-high-sr":{}},"aspect_ratio":"16:9"}}'),
       (6, 73168, 'Craig Venter: Sampling the oceans DNA', 'Genomics pioneer Craig Venter takes a break from his epic round-the-world expedition to talk about the millions of genes his team has discovered so far in its quest to map the oceans biodiversity.', 'craig_venter_sampling_the_ocean_s_dna', 569343, '2007-04-05 00:11:00', '2017-03-24 15:28:54', 'http://images.ted.com/images/ted/b1dc8f513ec37e1f531213b65257804816111ac0_113x85.jpg', 113, 85, 'http://images.ted.com/images/ted/b1dc8f513ec37e1f531213b65257804816111ac0_240x180.jpg', 240, 180, 'invention, genetics, entrepreneur, technology, TED Global, biotech, biosphere, oceans, DNA, science', 1011, '{"tags":{"invention":"invention","genetics":"genetics","entrepreneur":"entrepreneur","technology":"technology","TED Global":"TED Global","biotech":"biotech","biosphere":"biosphere","oceans":"oceans","DNA":"DNA","science":"science"},"photo_urls":[{"url":"http:\\/\\/images.ted.com\\/images\\/ted\\/b1dc8f513ec37e1f531213b65257804816111ac0_113x85.jpg","size":"113x85"},{"url":"http:\\/\\/images.ted.com\\/images\\/ted\\/b1dc8f513ec37e1f531213b65257804816111ac0_240x180.jpg","size":"240x180"}],"event_id":8,"recorded_at":"2005-02-24 00:00:00","native_language_code":"en","published_at":"2007-04-05 00:11:00","id":6,"languages":[{"language":{"iso_639_1":"ar","is_rtl":true,"language_code":"ar","iso_639_3":"ara","hostname_prefix":null,"description":null,"name":"Arabic"}},{"language":{"iso_639_1":"bg","is_rtl":false,"language_code":"bg","iso_639_3":"bul","hostname_prefix":null,"description":null,"name":"Bulgarian"}},{"language":{"iso_639_1":"zh","is_rtl":false,"language_code":"zh-cn","iso_639_3":"zho","hostname_prefix":"cn","description":null,"name":"Chinese, Simplified"}},{"language":{"iso_639_1":"zh","is_rtl":false,"language_code":"zh-tw","iso_639_3":"zho","hostname_prefix":"zh","description":null,"name":"Chinese, Traditional"}},{"language":{"iso_639_1":"nl","is_rtl":false,"language_code":"nl","iso_639_3":"nld","hostname_prefix":null,"description":null,"name":"Dutch"}},{"language":{"iso_639_1":"en","is_rtl":false,"language_code":"en","iso_639_3":"eng","hostname_prefix":null,"description":null,"name":"English"}},{"language":{"iso_639_1":"fr","is_rtl":false,"language_code":"fr","iso_639_3":"fra","hostname_prefix":null,"description":null,"name":"French"}},{"language":{"iso_639_1":"de","is_rtl":false,"language_code":"de","iso_639_3":"deu","hostname_prefix":null,"description":null,"name":"German"}},{"language":{"iso_639_1":"he","is_rtl":true,"language_code":"he","iso_639_3":"heb","hostname_prefix":null,"description":null,"name":"Hebrew"}},{"language":{"iso_639_1":"hu","is_rtl":false,"language_code":"hu","iso_639_3":"hun","hostname_prefix":null,"description":null,"name":"Hungarian"}},{"language":{"iso_639_1":"it","is_rtl":false,"language_code":"it","iso_639_3":"ita","hostname_prefix":null,"description":null,"name":"Italian"}},{"language":{"iso_639_1":"ja","is_rtl":false,"language_code":"ja","iso_639_3":"jpn","hostname_prefix":null,"description":null,"name":"Japanese"}},{"language":{"iso_639_1":"ko","is_rtl":false,"language_code":"ko","iso_639_3":"kor","hostname_prefix":null,"description":null,"name":"Korean"}},{"language":{"iso_639_1":"pl","is_rtl":false,"language_code":"pl","iso_639_3":"pol","hostname_prefix":null,"description":null,"name":"Polish"}},{"language":{"iso_639_1":"pt","is_rtl":false,"language_code":"pt-br","iso_639_3":"por","hostname_prefix":"br","description":null,"name":"Portuguese, Brazilian"}},{"language":{"iso_639_1":"ro","is_rtl":false,"language_code":"ro","iso_639_3":"ron","hostname_prefix":null,"description":null,"name":"Romanian"}},{"language":{"iso_639_1":"ru","is_rtl":false,"language_code":"ru","iso_639_3":"rus","hostname_prefix":null,"description":null,"name":"Russian"}},{"language":{"iso_639_1":"es","is_rtl":false,"language_code":"es","iso_639_3":"spa","hostname_prefix":null,"description":null,"name":"Spanish"}},{"language":{"iso_639_1":"tr","is_rtl":false,"language_code":"tr","iso_639_3":"tur","hostname_prefix":null,"description":null,"name":"Turkish"}}],"released_at":"2014-01-16 00:22:59","updated_at":"2014-10-14 13:56:01","description":"Genomics pioneer Craig Venter takes a break from his epic round-the-world expedition to talk about the millions of genes his team has discovered so far in its quest to map the ocean\\u2019s biodiversity.","name":"Craig Venter: Sampling the oceans DNA","slug":"craig_venter_on_dna_and_the_sea","viewed_count":403768,"media":{"id":88,"video_preroll_id":7,"duration":"00:16:51","updated_at":"2014-04-14 19:50:06","event_slug":"2005G","created_at":"2011-06-02 20:34:07","slug":"CraigVenter_2005G","user_id":null,"profiles":{"podcast-high-de":{},"transcript":{},"podcast-light":{},"450k":{},"podcast-low-pl":{},"audio-podcast":{},"podcast-low-ru":{},"podcast-low-zh-tw":{},"180k":{},"podcast-high-tr":{},"600k":{},"podcast-high-hu":{},"podcast-low-pt-br":{},"podcast-low-ko":{},"podcast-high-zh-tw":{},"podcast-low-he":{},"podcast-high-ja":{},"podcast-high-ro":{},"podcast-low-fr":{},"podcast-low-bg":{},"podcast-high-en":{},"podcast-high-es":{},"podcast-low-nl":{},"2500k":{},"podcast-high-it":{},"podcast-high-ar":{},"podcast-high-fa":{},"podcast-high-bg":{},"podcast-low-ja":{},"podcast-low-tr":{},"podcast-regular":{},"podcast-low-en":{},"podcast-low-es":{},"podcast-high-ru":{},"podcast-high-fr":{},"64k":{},"podcast-low-it":{},"podcast-low-zh-cn":{},"podcast-high-zh-cn":{},"podcast-low-ar":{},"podcast-low-fa":{},"320k":{},"podcast-high-nl":{},"podcast-high-he":{},"podcast-high-pl":{},"podcast-low-de":{},"950k":{},"podcast-high-pt-br":{},"1500k":{},"podcast-high-ko":{},"podcast-low-ro":{},"podcast-high":{},"podcast-low-hu":{}},"aspect_ratio":"4:3"}}'),
       (7, 73169, 'David Pogue: Simplicity sells', 'New York Times columnist David Pogue takes aim at technology’s worst interface-design offenders, and provides encouraging examples of products that get it right. To funny things up, he bursts into song.', 'david_pogue_simplicity_sells', 1680422, '2006-06-27 00:11:00', '2016-09-07 17:52:54', 'http://images.ted.com/images/ted/ec8cb05b010ea5c373e085b4349e30723ae4aff0_113x85.jpg', 113, 85, 'http://images.ted.com/images/ted/ec8cb05b010ea5c373e085b4349e30723ae4aff0_240x180.jpg', 240, 180, 'music, computers, software, technology, TED Conference, simplicity, performance, interface design, media, entertainment', 1286, '{"tags":{"music":"music","computers":"computers","software":"software","technology":"technology","TED Conference":"TED Conference","simplicity":"simplicity","performance":"performance","interface design":"interface design","media":"media","entertainment":"entertainment"},"photo_urls":[{"url":"http:\\/\\/images.ted.com\\/images\\/ted\\/ec8cb05b010ea5c373e085b4349e30723ae4aff0_113x85.jpg","size":"113x85"},{"url":"http:\\/\\/images.ted.com\\/images\\/ted\\/ec8cb05b010ea5c373e085b4349e30723ae4aff0_240x180.jpg","size":"240x180"}],"event_id":3,"recorded_at":"2006-02-24 00:00:00","native_language_code":"en","published_at":"2006-06-27 00:11:00","id":7,"languages":[{"language":{"iso_639_1":"ar","is_rtl":true,"language_code":"ar","iso_639_3":"ara","hostname_prefix":null,"description":null,"name":"Arabic"}},{"language":{"iso_639_1":"bg","is_rtl":false,"language_code":"bg","iso_639_3":"bul","hostname_prefix":null,"description":null,"name":"Bulgarian"}},{"language":{"iso_639_1":"zh","is_rtl":false,"language_code":"zh-cn","iso_639_3":"zho","hostname_prefix":"cn","description":null,"name":"Chinese, Simplified"}},{"language":{"iso_639_1":"zh","is_rtl":false,"language_code":"zh-tw","iso_639_3":"zho","hostname_prefix":"zh","description":null,"name":"Chinese, Traditional"}},{"language":{"iso_639_1":"hr","is_rtl":false,"language_code":"hr","iso_639_3":"hrv","hostname_prefix":null,"description":null,"name":"Croatian"}},{"language":{"iso_639_1":"en","is_rtl":false,"language_code":"en","iso_639_3":"eng","hostname_prefix":null,"description":null,"name":"English"}},{"language":{"iso_639_1":"fr","is_rtl":false,"language_code":"fr","iso_639_3":"fra","hostname_prefix":null,"description":null,"name":"French"}},{"language":{"iso_639_1":"de","is_rtl":false,"language_code":"de","iso_639_3":"deu","hostname_prefix":null,"description":null,"name":"German"}},{"language":{"iso_639_1":"el","is_rtl":false,"language_code":"el","iso_639_3":"ell","hostname_prefix":null,"description":null,"name":"Greek"}},{"language":{"iso_639_1":"he","is_rtl":true,"language_code":"he","iso_639_3":"heb","hostname_prefix":null,"description":null,"name":"Hebrew"}},{"language":{"iso_639_1":"hu","is_rtl":false,"language_code":"hu","iso_639_3":"hun","hostname_prefix":null,"description":null,"name":"Hungarian"}},{"language":{"iso_639_1":"it","is_rtl":false,"language_code":"it","iso_639_3":"ita","hostname_prefix":null,"description":null,"name":"Italian"}},{"language":{"iso_639_1":"ja","is_rtl":false,"language_code":"ja","iso_639_3":"jpn","hostname_prefix":null,"description":null,"name":"Japanese"}},{"language":{"iso_639_1":"ko","is_rtl":false,"language_code":"ko","iso_639_3":"kor","hostname_prefix":null,"description":null,"name":"Korean"}},{"language":{"iso_639_1":"nb","is_rtl":false,"language_code":"nb","iso_639_3":"nob","hostname_prefix":null,"description":null,"name":"Norwegian Bokmal"}},{"language":{"iso_639_1":"fa","is_rtl":true,"language_code":"fa","iso_639_3":"fas","hostname_prefix":null,"description":null,"name":"Persian"}},{"language":{"iso_639_1":"pl","is_rtl":false,"language_code":"pl","iso_639_3":"pol","hostname_prefix":null,"description":null,"name":"Polish"}},{"language":{"iso_639_1":"pt","is_rtl":false,"language_code":"pt","iso_639_3":"por","hostname_prefix":null,"description":null,"name":"Portuguese"}},{"language":{"iso_639_1":"pt","is_rtl":false,"language_code":"pt-br","iso_639_3":"por","hostname_prefix":"br","description":null,"name":"Portuguese, Brazilian"}},{"language":{"iso_639_1":"ro","is_rtl":false,"language_code":"ro","iso_639_3":"ron","hostname_prefix":null,"description":null,"name":"Romanian"}},{"language":{"iso_639_1":"ru","is_rtl":false,"language_code":"ru","iso_639_3":"rus","hostname_prefix":null,"description":null,"name":"Russian"}},{"language":{"iso_639_1":"es","is_rtl":false,"language_code":"es","iso_639_3":"spa","hostname_prefix":null,"description":null,"name":"Spanish"}},{"language":{"iso_639_1":"tr","is_rtl":false,"language_code":"tr","iso_639_3":"tur","hostname_prefix":null,"description":null,"name":"Turkish"}}],"released_at":"2014-05-05 20:17:13","updated_at":"2014-07-03 20:42:24","description":"New York Times columnist David Pogue takes aim at technology\\u2019s worst interface-design offenders, and provides encouraging examples of products that get it right. To funny things up, he bursts into song. ","name":"David Pogue: Simplicity sells","slug":"david_pogue_says_simplicity_sells","viewed_count":1278432,"media":{"id":117,"video_preroll_id":7,"duration":"00:21:26","updated_at":"2014-06-12 21:19:07","event_slug":"2006","created_at":"2011-06-02 20:34:46","slug":"DavidPogue_2006","user_id":null,"profiles":{"podcast-high-de":{},"transcript":{},"podcast-light":{},"450k":{},"podcast-low-pl":{},"audio-podcast":{},"podcast-low-ru":{},"podcast-low-zh-tw":{},"180k":{},"podcast-high-tr":{},"600k":{},"podcast-high-hr":{},"podcast-low-pt-br":{},"podcast-high-hu":{},"podcast-low-ko":{},"podcast-high-zh-tw":{},"podcast-low-he":{},"podcast-high-pt":{},"podcast-high-ja":{},"podcast-high-nb":{},"podcast-high-ro":{},"podcast-low-fr":{},"podcast-low-bg":{},"podcast-high-el":{},"podcast-high-en":{},"podcast-high-es":{},"2500k":{},"podcast-high-it":{},"podcast-high-ar":{},"podcast-high-fa":{},"podcast-high-bg":{},"podcast-low-ja":{},"podcast-low-nb":{},"podcast-low-tr":{},"podcast-regular":{},"podcast-low-pt":{},"podcast-low-el":{},"podcast-low-en":{},"podcast-low-es":{},"podcast-high-ru":{},"podcast-high-fr":{},"64k":{},"podcast-low-it":{},"podcast-low-zh-cn":{},"podcast-low-ar":{},"podcast-high-zh-cn":{},"podcast-low-fa":{},"320k":{},"podcast-high-he":{},"podcast-high-pl":{},"podcast-low-de":{},"950k":{},"podcast-high-pt-br":{},"1500k":{},"podcast-high-ko":{},"podcast-low-ro":{},"podcast-high":{},"podcast-low-hr":{},"podcast-low-hu":{}},"aspect_ratio":"4:3"}}'),
       (8, 73170, 'David Rockwell: A memorial at Ground Zero', 'In this emotionally charged conversation with journalist Kurt Andersen, designer David Rockwell discusses the process of building a viewing platform at Ground Zero shortly after 9/11.', 'david_rockwell_a_memorial_at_ground_zero', 414016, '2007-06-12 05:11:00', '2017-09-01 18:00:35', 'http://images.ted.com/images/ted/10775_113x85.jpg', 113, 85, 'http://images.ted.com/images/ted/10775_240x180.jpg', 240, 180, 'TED Conference, collaboration, arts, death, disaster relief, architecture, memory, urban planning, New York, cities, interview, culture, design', 1477, '{"tags":{"TED Conference":"TED Conference","collaboration":"collaboration","arts":"arts","death":"death","disaster relief":"disaster relief","architecture":"architecture","memory":"memory","urban planning":"urban planning","New York":"New York","cities":"cities","interview":"interview","culture":"culture","design":"design"},"photo_urls":[{"url":"http:\\/\\/images.ted.com\\/images\\/ted\\/10775_113x85.jpg","size":"113x85"},{"url":"http:\\/\\/images.ted.com\\/images\\/ted\\/10775_240x180.jpg","size":"240x180"}],"event_id":7,"recorded_at":"2002-02-02 00:00:00","native_language_code":"en","published_at":"2007-06-12 05:11:00","id":8,"languages":[{"language":{"iso_639_1":"ar","is_rtl":true,"language_code":"ar","iso_639_3":"ara","hostname_prefix":null,"description":null,"name":"Arabic"}},{"language":{"iso_639_1":"bg","is_rtl":false,"language_code":"bg","iso_639_3":"bul","hostname_prefix":null,"description":null,"name":"Bulgarian"}},{"language":{"iso_639_1":"zh","is_rtl":false,"language_code":"zh-cn","iso_639_3":"zho","hostname_prefix":"cn","description":null,"name":"Chinese, Simplified"}},{"language":{"iso_639_1":"zh","is_rtl":false,"language_code":"zh-tw","iso_639_3":"zho","hostname_prefix":"zh","description":null,"name":"Chinese, Traditional"}},{"language":{"iso_639_1":"en","is_rtl":false,"language_code":"en","iso_639_3":"eng","hostname_prefix":null,"description":null,"name":"English"}},{"language":{"iso_639_1":"fr","is_rtl":false,"language_code":"fr","iso_639_3":"fra","hostname_prefix":null,"description":null,"name":"French"}},{"language":{"iso_639_1":"de","is_rtl":false,"language_code":"de","iso_639_3":"deu","hostname_prefix":null,"description":null,"name":"German"}},{"language":{"iso_639_1":"he","is_rtl":true,"language_code":"he","iso_639_3":"heb","hostname_prefix":null,"description":null,"name":"Hebrew"}},{"language":{"iso_639_1":"id","is_rtl":false,"language_code":"id","iso_639_3":"ind","hostname_prefix":null,"description":null,"name":"Indonesian"}},{"language":{"iso_639_1":"it","is_rtl":false,"language_code":"it","iso_639_3":"ita","hostname_prefix":null,"description":null,"name":"Italian"}},{"language":{"iso_639_1":"ko","is_rtl":false,"language_code":"ko","iso_639_3":"kor","hostname_prefix":null,"description":null,"name":"Korean"}},{"language":{"iso_639_1":"pl","is_rtl":false,"language_code":"pl","iso_639_3":"pol","hostname_prefix":null,"description":null,"name":"Polish"}},{"language":{"iso_639_1":"pt","is_rtl":false,"language_code":"pt-br","iso_639_3":"por","hostname_prefix":"br","description":null,"name":"Portuguese, Brazilian"}},{"language":{"iso_639_1":"ro","is_rtl":false,"language_code":"ro","iso_639_3":"ron","hostname_prefix":null,"description":null,"name":"Romanian"}},{"language":{"iso_639_1":"ru","is_rtl":false,"language_code":"ru","iso_639_3":"rus","hostname_prefix":null,"description":null,"name":"Russian"}},{"language":{"iso_639_1":"es","is_rtl":false,"language_code":"es","iso_639_3":"spa","hostname_prefix":null,"description":null,"name":"Spanish"}},{"language":{"iso_639_1":"tr","is_rtl":false,"language_code":"tr","iso_639_3":"tur","hostname_prefix":null,"description":null,"name":"Turkish"}}],"released_at":"2014-01-21 20:18:33","updated_at":"2014-07-03 20:42:24","description":"In this emotionally charged conversation with journalist Kurt Andersen, designer David Rockwell discusses the process of building a viewing platform at Ground Zero shortly after 9\\/11.","name":"David Rockwell: A memorial at Ground Zero","slug":"david_rockwell_builds_at_ground_zero","viewed_count":285165,"media":{"id":104,"video_preroll_id":7,"duration":"00:24:37","updated_at":"2014-06-16 21:27:21","event_slug":"2002","created_at":"2011-06-02 20:34:28","slug":"DavidRockwell_2002","user_id":null,"profiles":{"podcast-high-de":{},"transcript":{},"podcast-light":{},"podcast-high-id":{},"450k":{},"podcast-low-pl":{},"audio-podcast":{},"podcast-low-ru":{},"podcast-low-zh-tw":{},"180k":{},"podcast-high-tr":{},"600k":{},"podcast-low-pt-br":{},"podcast-low-ko":{},"podcast-high-zh-tw":{},"podcast-low-he":{},"podcast-high-ja":{},"podcast-high-ro":{},"podcast-low-bg":{},"podcast-low-fr":{},"podcast-high-en":{},"podcast-high-es":{},"2500k":{},"podcast-high-it":{},"podcast-high-ar":{},"podcast-high-bg":{},"podcast-low-ja":{},"podcast-low-tr":{},"podcast-regular":{},"podcast-low-en":{},"podcast-high-ru":{},"podcast-low-es":{},"podcast-high-fr":{},"64k":{},"podcast-low-it":{},"podcast-low-zh-cn":{},"podcast-high-zh-cn":{},"podcast-low-ar":{},"320k":{},"podcast-high-pl":{},"podcast-high-he":{},"podcast-low-de":{},"podcast-low-id":{},"950k":{},"podcast-high-pt-br":{},"podcast-high-ko":{},"1500k":{},"podcast-low-ro":{},"podcast-high":{}},"aspect_ratio":"16:9"}}'),
       (9, 73171, 'Dean Kamen: To invent is to give', 'Inventor Dean Kamen lays out his argument for the Segway and offers a peek into his next big ideas (portable energy and water purification for developing countries).', 'dean_kamen_to_invent_is_to_give', 708646, '2007-04-05 00:11:00', '2017-09-28 16:39:36', 'http://images.ted.com/images/ted/492_113x85.jpg', 113, 85, 'http://images.ted.com/images/ted/492_240x180.jpg', 240, 180, 'invention, robots, TED Conference, technology, transportation, social change, education, industrial design, business, science, cars, third world, sustainability, innovation', 1207, '{"tags":{"invention":"invention","robots":"robots","TED Conference":"TED Conference","technology":"technology","transportation":"transportation","social change":"social change","education":"education","industrial design":"industrial design","business":"business","science":"science","cars":"cars","third world":"third world","sustainability":"sustainability","innovation":"innovation"},"photo_urls":[{"url":"http:\\/\\/images.ted.com\\/images\\/ted\\/492_113x85.jpg","size":"113x85"},{"url":"http:\\/\\/images.ted.com\\/images\\/ted\\/492_240x180.jpg","size":"240x180"}],"event_id":7,"recorded_at":"2002-02-02 00:00:00","native_language_code":"en","published_at":"2007-04-05 00:11:00","id":9,"languages":[{"language":{"iso_639_1":"ar","is_rtl":true,"language_code":"ar","iso_639_3":"ara","hostname_prefix":null,"description":null,"name":"Arabic"}},{"language":{"iso_639_1":"bg","is_rtl":false,"language_code":"bg","iso_639_3":"bul","hostname_prefix":null,"description":null,"name":"Bulgarian"}},{"language":{"iso_639_1":"zh","is_rtl":false,"language_code":"zh-cn","iso_639_3":"zho","hostname_prefix":"cn","description":null,"name":"Chinese, Simplified"}},{"language":{"iso_639_1":"zh","is_rtl":false,"language_code":"zh-tw","iso_639_3":"zho","hostname_prefix":"zh","description":null,"name":"Chinese, Traditional"}},{"language":{"iso_639_1":"en","is_rtl":false,"language_code":"en","iso_639_3":"eng","hostname_prefix":null,"description":null,"name":"English"}},{"language":{"iso_639_1":"fr","is_rtl":false,"language_code":"fr","iso_639_3":"fra","hostname_prefix":null,"description":null,"name":"French"}},{"language":{"iso_639_1":"de","is_rtl":false,"language_code":"de","iso_639_3":"deu","hostname_prefix":null,"description":null,"name":"German"}},{"language":{"iso_639_1":"el","is_rtl":false,"language_code":"el","iso_639_3":"ell","hostname_prefix":null,"description":null,"name":"Greek"}},{"language":{"iso_639_1":"he","is_rtl":true,"language_code":"he","iso_639_3":"heb","hostname_prefix":null,"description":null,"name":"Hebrew"}},{"language":{"iso_639_1":"it","is_rtl":false,"language_code":"it","iso_639_3":"ita","hostname_prefix":null,"description":null,"name":"Italian"}},{"language":{"iso_639_1":"ko","is_rtl":false,"language_code":"ko","iso_639_3":"kor","hostname_prefix":null,"description":null,"name":"Korean"}},{"language":{"iso_639_1":"pl","is_rtl":false,"language_code":"pl","iso_639_3":"pol","hostname_prefix":null,"description":null,"name":"Polish"}},{"language":{"iso_639_1":"pt","is_rtl":false,"language_code":"pt-br","iso_639_3":"por","hostname_prefix":"br","description":null,"name":"Portuguese, Brazilian"}},{"language":{"iso_639_1":"ro","is_rtl":false,"language_code":"ro","iso_639_3":"ron","hostname_prefix":null,"description":null,"name":"Romanian"}},{"language":{"iso_639_1":"ru","is_rtl":false,"language_code":"ru","iso_639_3":"rus","hostname_prefix":null,"description":null,"name":"Russian"}},{"language":{"iso_639_1":"es","is_rtl":false,"language_code":"es","iso_639_3":"spa","hostname_prefix":null,"description":null,"name":"Spanish"}},{"language":{"iso_639_1":"tr","is_rtl":false,"language_code":"tr","iso_639_3":"tur","hostname_prefix":null,"description":null,"name":"Turkish"}}],"released_at":"2014-01-22 17:03:18","updated_at":"2014-07-03 20:42:24","description":"Inventor Dean Kamen lays out his argument for the Segway and offers a peek into his next big ideas (portable energy and water purification for developing countries). ","name":"Dean Kamen: To invent is to give","slug":"dean_kamen_on_inventing_and_giving","viewed_count":544117,"media":{"id":107,"video_preroll_id":7,"duration":"00:20:07","updated_at":"2014-06-19 19:24:57","event_slug":"2002","created_at":"2011-06-02 20:34:33","slug":"DeanKamen_2002","user_id":null,"profiles":{"podcast-high-bg":{},"podcast-high-de":{},"transcript":{},"podcast-light":{},"podcast-low-tr":{},"450k":{},"podcast-regular":{},"podcast-low-el":{},"podcast-low-pl":{},"podcast-low-en":{},"audio-podcast":{},"podcast-low-ru":{},"podcast-high-tr":{},"180k":{},"podcast-low-zh-tw":{},"podcast-high-ru":{},"600k":{},"podcast-low-es":{},"podcast-high-fr":{},"64k":{},"podcast-low-it":{},"podcast-low-pt-br":{},"podcast-low-ko":{},"podcast-high-zh-tw":{},"podcast-low-he":{},"podcast-low-zh-cn":{},"podcast-low-ar":{},"podcast-high-zh-cn":{},"320k":{},"podcast-high-pl":{},"podcast-high-he":{},"podcast-low-de":{},"podcast-high-ro":{},"podcast-high-el":{},"podcast-low-bg":{},"podcast-low-fr":{},"podcast-high-en":{},"950k":{},"podcast-high-pt-br":{},"podcast-high-es":{},"1500k":{},"podcast-high-ko":{},"podcast-low-ro":{},"podcast-high":{},"2500k":{},"podcast-high-it":{},"podcast-high-ar":{}},"aspect_ratio":"16:9"}}'),
       (10, 73172, 'Dean Ornish: The killer American diet thats sweeping the planet', 'Forget the latest disease in the news: Cardiovascular disease kills more people than everything else combined -- and it’s mostly preventable. Dr. Dean Ornish explains how changing our eating habits can save lives.', 'dean_ornish_the_killer_american_diet_that_s_sweeping_the_planet', 2386876, '2006-12-14 00:11:00', '2016-10-22 21:08:50', 'http://images.ted.com/images/ted/671d08b846a625bc2fdee1b6e3c7326bd9c3c48c_113x85.jpg', 113, 85, 'http://images.ted.com/images/ted/671d08b846a625bc2fdee1b6e3c7326bd9c3c48c_240x180.jpg', 240, 180, 'TED Conference, health care, food, obesity, health, disease, culture, science, global issues', 198, '{"tags":{"TED Conference":"TED Conference","health care":"health care","food":"food","obesity":"obesity","health":"health","disease":"disease","culture":"culture","science":"science","global issues":"global issues"},"photo_urls":[{"url":"http:\\/\\/images.ted.com\\/images\\/ted\\/671d08b846a625bc2fdee1b6e3c7326bd9c3c48c_113x85.jpg","size":"113x85"},{"url":"http:\\/\\/images.ted.com\\/images\\/ted\\/671d08b846a625bc2fdee1b6e3c7326bd9c3c48c_240x180.jpg","size":"240x180"}],"event_id":3,"recorded_at":"2006-02-23 00:00:00","native_language_code":"en","published_at":"2006-12-14 00:11:00","id":10,"languages":[{"language":{"iso_639_1":"sq","is_rtl":false,"language_code":"sq","iso_639_3":"sqi","hostname_prefix":null,"description":null,"name":"Albanian"}},{"language":{"iso_639_1":"ar","is_rtl":true,"language_code":"ar","iso_639_3":"ara","hostname_prefix":null,"description":null,"name":"Arabic"}},{"language":{"iso_639_1":"hy","is_rtl":false,"language_code":"hy","iso_639_3":"hye","hostname_prefix":null,"description":null,"name":"Armenian"}},{"language":{"iso_639_1":"bg","is_rtl":false,"language_code":"bg","iso_639_3":"bul","hostname_prefix":null,"description":null,"name":"Bulgarian"}},{"language":{"iso_639_1":"zh","is_rtl":false,"language_code":"zh-cn","iso_639_3":"zho","hostname_prefix":"cn","description":null,"name":"Chinese, Simplified"}},{"language":{"iso_639_1":"zh","is_rtl":false,"language_code":"zh-tw","iso_639_3":"zho","hostname_prefix":"zh","description":null,"name":"Chinese, Traditional"}},{"language":{"iso_639_1":"zh","is_rtl":false,"language_code":"zh","iso_639_3":"zho","hostname_prefix":null,"description":null,"name":"Chinese, Yue"}},{"language":{"iso_639_1":"hr","is_rtl":false,"language_code":"hr","iso_639_3":"hrv","hostname_prefix":null,"description":null,"name":"Croatian"}},{"language":{"iso_639_1":"cs","is_rtl":false,"language_code":"cs","iso_639_3":"ces","hostname_prefix":null,"description":null,"name":"Czech"}},{"language":{"iso_639_1":"nl","is_rtl":false,"language_code":"nl","iso_639_3":"nld","hostname_prefix":null,"description":null,"name":"Dutch"}},{"language":{"iso_639_1":"en","is_rtl":false,"language_code":"en","iso_639_3":"eng","hostname_prefix":null,"description":null,"name":"English"}},{"language":{"iso_639_1":"eo","is_rtl":false,"language_code":"eo","iso_639_3":"epo","hostname_prefix":null,"description":null,"name":"Esperanto"}},{"language":{"iso_639_1":"fi","is_rtl":false,"language_code":"fi","iso_639_3":"fin","hostname_prefix":null,"description":null,"name":"Finnish"}},{"language":{"iso_639_1":"fr","is_rtl":false,"language_code":"fr","iso_639_3":"fra","hostname_prefix":null,"description":null,"name":"French"}},{"language":{"iso_639_1":"fr","is_rtl":false,"language_code":"fr-ca","iso_639_3":"fra","hostname_prefix":null,"description":null,"name":"French, Canadian"}},{"language":{"iso_639_1":"de","is_rtl":false,"language_code":"de","iso_639_3":"deu","hostname_prefix":null,"description":null,"name":"German"}},{"language":{"iso_639_1":"el","is_rtl":false,"language_code":"el","iso_639_3":"ell","hostname_prefix":null,"description":null,"name":"Greek"}},{"language":{"iso_639_1":"he","is_rtl":true,"language_code":"he","iso_639_3":"heb","hostname_prefix":null,"description":null,"name":"Hebrew"}},{"language":{"iso_639_1":"hi","is_rtl":false,"language_code":"hi","iso_639_3":"hin","hostname_prefix":null,"description":null,"name":"Hindi"}},{"language":{"iso_639_1":"hu","is_rtl":false,"language_code":"hu","iso_639_3":"hun","hostname_prefix":null,"description":null,"name":"Hungarian"}},{"language":{"iso_639_1":"id","is_rtl":false,"language_code":"id","iso_639_3":"ind","hostname_prefix":null,"description":null,"name":"Indonesian"}},{"language":{"iso_639_1":"it","is_rtl":false,"language_code":"it","iso_639_3":"ita","hostname_prefix":null,"description":null,"name":"Italian"}},{"language":{"iso_639_1":"ja","is_rtl":false,"language_code":"ja","iso_639_3":"jpn","hostname_prefix":null,"description":null,"name":"Japanese"}},{"language":{"iso_639_1":"ko","is_rtl":false,"language_code":"ko","iso_639_3":"kor","hostname_prefix":null,"description":null,"name":"Korean"}},{"language":{"iso_639_1":"ku","is_rtl":true,"language_code":"ku","iso_639_3":"kur","hostname_prefix":null,"description":null,"name":"Kurdish"}},{"language":{"iso_639_1":"mk","is_rtl":false,"language_code":"mk","iso_639_3":"mkd","hostname_prefix":null,"description":null,"name":"Macedonian"}},{"language":{"iso_639_1":"ms","is_rtl":false,"language_code":"ms","iso_639_3":"msa","hostname_prefix":null,"description":null,"name":"Malay"}},{"language":{"iso_639_1":"nb","is_rtl":false,"language_code":"nb","iso_639_3":"nob","hostname_prefix":null,"description":null,"name":"Norwegian Bokmal"}},{"language":{"iso_639_1":"fa","is_rtl":true,"language_code":"fa","iso_639_3":"fas","hostname_prefix":null,"description":null,"name":"Persian"}},{"language":{"iso_639_1":"pl","is_rtl":false,"language_code":"pl","iso_639_3":"pol","hostname_prefix":null,"description":null,"name":"Polish"}},{"language":{"iso_639_1":"pt","is_rtl":false,"language_code":"pt","iso_639_3":"por","hostname_prefix":null,"description":null,"name":"Portuguese"}},{"language":{"iso_639_1":"pt","is_rtl":false,"language_code":"pt-br","iso_639_3":"por","hostname_prefix":"br","description":null,"name":"Portuguese, Brazilian"}},{"language":{"iso_639_1":"ro","is_rtl":false,"language_code":"ro","iso_639_3":"ron","hostname_prefix":null,"description":null,"name":"Romanian"}},{"language":{"iso_639_1":"ru","is_rtl":false,"language_code":"ru","iso_639_3":"rus","hostname_prefix":null,"description":null,"name":"Russian"}},{"language":{"iso_639_1":"sr","is_rtl":false,"language_code":"sr","iso_639_3":"srp","hostname_prefix":null,"description":null,"name":"Serbian"}},{"language":{"iso_639_1":"sk","is_rtl":false,"language_code":"sk","iso_639_3":"slk","hostname_prefix":null,"description":null,"name":"Slovak"}},{"language":{"iso_639_1":"sl","is_rtl":false,"language_code":"sl","iso_639_3":"slv","hostname_prefix":null,"description":null,"name":"Slovenian"}},{"language":{"iso_639_1":"es","is_rtl":false,"language_code":"es","iso_639_3":"spa","hostname_prefix":null,"description":null,"name":"Spanish"}},{"language":{"iso_639_1":"sv","is_rtl":false,"language_code":"sv","iso_639_3":"swe","hostname_prefix":null,"description":null,"name":"Swedish"}},{"language":{"iso_639_1":"th","is_rtl":false,"language_code":"th","iso_639_3":"tha","hostname_prefix":null,"description":null,"name":"Thai"}},{"language":{"iso_639_1":"tr","is_rtl":false,"language_code":"tr","iso_639_3":"tur","hostname_prefix":null,"description":null,"name":"Turkish"}},{"language":{"iso_639_1":"uk","is_rtl":false,"language_code":"uk","iso_639_3":"ukr","hostname_prefix":null,"description":null,"name":"Ukrainian"}},{"language":{"iso_639_1":"uz","is_rtl":false,"language_code":"uz","iso_639_3":"uzb","hostname_prefix":null,"description":null,"name":"Uzbek"}},{"language":{"iso_639_1":"vi","is_rtl":false,"language_code":"vi","iso_639_3":"vie","hostname_prefix":null,"description":null,"name":"Vietnamese"}}],"released_at":"2014-09-27 14:27:49","updated_at":"2014-09-27 14:27:49","description":"Forget the latest disease in the news: Cardiovascular disease kills more people than everything else combined -- and it\\u2019s mostly preventable. Dr. Dean Ornish explains how changing our eating habits can save lives.","name":"Dean Ornish: The killer American diet thats sweeping the planet","slug":"dean_ornish_on_the_world_s_killer_diet","viewed_count":1522318,"media":{"id":110,"video_preroll_id":7,"duration":"00:03:18","updated_at":"2014-06-19 21:49:20","event_slug":"2006","created_at":"2011-06-02 20:34:37","slug":"DeanOrnish_2006","user_id":null,"profiles":{"podcast-high-de":{},"transcript":{},"podcast-light":{},"podcast-high-id":{},"450k":{},"podcast-high-uk":{},"podcast-low-pl":{},"audio-podcast":{},"podcast-low-ru":{},"podcast-low-sk":{},"podcast-low-zh-tw":{},"180k":{},"podcast-high-tr":{},"podcast-low-sl":{},"600k":{},"podcast-high-fr-ca":{},"podcast-high-hr":{},"podcast-low-pt-br":{},"podcast-high-hu":{},"podcast-low-ko":{},"podcast-high-zh-tw":{},"podcast-low-he":{},"podcast-high-hi":{},"podcast-low-cs":{},"podcast-high-pt":{},"podcast-high-ja":{},"podcast-low-fi":{},"podcast-high-nb":{},"podcast-high-ro":{},"podcast-high-vi":{},"podcast-low-sr":{},"podcast-high-el":{},"podcast-low-fr":{},"podcast-low-bg":{},"podcast-low-sq":{},"podcast-high-en":{},"podcast-low-sv":{},"podcast-high-eo":{},"podcast-high-es":{},"podcast-high-mk":{},"podcast-low-nl":{},"podcast-high-uz":{},"2500k":{},"podcast-high-it":{},"podcast-high-zh":{},"podcast-high-ar":{},"podcast-high-ms":{},"podcast-high-fa":{},"podcast-low-th":{},"podcast-high-bg":{},"podcast-low-ja":{},"podcast-low-nb":{},"podcast-low-tr":{},"podcast-regular":{},"podcast-low-pt":{},"podcast-low-el":{},"podcast-low-en":{},"podcast-low-eo":{},"podcast-high-sl":{},"podcast-high-sk":{},"podcast-low-es":{},"podcast-high-ru":{},"podcast-low-mk":{},"podcast-high-fr":{},"64k":{},"podcast-low-it":{},"podcast-high-fi":{},"podcast-low-ms":{},"podcast-low-zh-cn":{},"podcast-low-ar":{},"podcast-high-zh-cn":{},"podcast-low-fa":{},"320k":{},"podcast-high-nl":{},"podcast-low-uk":{},"podcast-high-he":{},"podcast-high-pl":{},"podcast-low-de":{},"podcast-high-th":{},"podcast-low-fr-ca":{},"podcast-low-uz":{},"podcast-low-id":{},"950k":{},"podcast-low-zh":{},"podcast-high-pt-br":{},"podcast-low-vi":{},"podcast-high-ko":{},"1500k":{},"podcast-high-sv":{},"podcast-low-ro":{},"podcast-high":{},"podcast-low-hr":{},"podcast-high-sq":{},"podcast-high-cs":{},"podcast-low-hu":{},"podcast-high-sr":{},"podcast-low-hi":{}},"aspect_ratio":"4:3"}}');

INSERT INTO `learnweb_large`.`ted_transcripts_paragraphs` (`resource_id`, `language`, `starttime`, `paragraph`)
VALUES (73155, 'de', 14820, 'Vielen Dank, Chris. Es ist mir wirklich eine Ehre, zweimal auf dieser Bühne stehen zu dürfen. Tausend Dank dafür. Ich bin wirklich begeistert von dieser Konferenz, und ich danke Ihnen allen für die vielen netten Kommentare zu meiner Rede vorgestern Abend. Das meine ich ernst, teilweise deshalb -- weil ich es wirklich brauchen kann! (Lachen) Versetzen Sie sich mal in meine Lage! (Lachen) (Applaus) Ich bin bin acht Jahre lang mit der Air Force Two geflogen. Jetzt muss ich meine Schuhe ausziehen, um überhaupt an Bord zu kommen! (Applaus) '),
       (73155, 'de', 71820, 'Ich erzähle Ihnen mal eine Geschichte, dann verstehen Sie mich vielleicht besser. Eine wahre Geschichte -- kein Wort daran ist erfunden. Kurz nachdem Tipper und ich aus dem (vorgetäuschtes Schluchzen) Weißen Haus ausgezogen waren, fuhren wir von unserem Haus in Nashville zu unserer kleinen Farm 50 Meilen östlich von Nashville -- und wir fuhren selbst. (Lachen) Ich weiß, für Sie ist das nichts Ungewöhnliches, aber ... (Lachen) Ich sah in den Rückspiegel und plötzlich traf mich eine Erkenntnis. Hinter mir war gar keine Autokolonne. Haben Sie schon mal vom Phantomschmerz gehört? (Lachen) Wir saßen in einem gemieteten Ford Taurus. Es war Zeit zum Abendessen und wir hielten Ausschau nach einem Restaurant. Wir waren auf der I-40. Wir kamen zur Ausfahrt 238, Lebanon, Tennessee. Wir fuhren ab und suchten nach einem ... wir fanden schließlich ein Shoneys. Für alle, die es nicht kennen: Das ist eine billige Familienrestaurantkette. Wir gingen rein und setzten uns in eine Nische. Die Kellnerin kam zu uns und machte viel Aufhebens um Tipper. Sie nahm unsere Bestellung auf, ging dann zum Paar in der Nische neben uns und senkte ihre Stimme so sehr, dass ich mich richtig anstrengen musste, um sie zu verstehen. Sie sagte: "Ja, das ist Ex-Vizepräsident Al Gore und seine Frau Tipper." Und der Mann antwortete: "Ganz schöner Abstieg, was?" (Lachen) '),
       (73155, 'de', 188820, 'Es gab eine ganze Reihe solcher Offenbarungen. Am nächsten Tag -- immer noch eine wahre Geschichte! -- flog ich in einer G5 nach Afrika, um in Nigeria eine Rede zu halten, in Lagos, und zwar über das Thema Energie. Zu Beginn der Rede erzählte ich, was mir am Vortag in Nashville passiert war. Ich erzählte es genau so, wie ich es Ihnen gerade erzählt habe. Tipper und ich fuhren selbst, Shoneys, billige Familienrestaurantkette, was der Mann gesagt hatte -- alle lachten. Ich hielt meine Rede, dann fuhr ich zurück zum Flughafen, um nach Hause zu fliegen. Im Flugzeug schlief ich, bis wir mitten in der Nacht auf den Azoren landeten, um zu tanken. Ich wachte auf, öffnete die Tür und ging hinaus, um frische Luft zu schnappen. Da sah ich plötzlich einen Mann über das Rollfeld rennen. Er wedelte mit einem Stück Papier und schrie: "Rufen Sie Washington an! Rufen Sie Washington an!" Ich dachte so: Mitten in der Nacht, mitten im Atlantik, was in der Welt könnte in Washington schief laufen? Dann fiel mir ein, dass da so einiges in Frage kam. (Lachen) (Applaus) '),
       (73155, 'de', 261820, 'Aber mein Mitarbeiter war wegem Folgenden so aufgeregt: Eine der nigerianischen Nachrichtenagenturen hatte schon eine Story über meine Rede herausgegeben. Und die war schon in Städten überall in den USA gedruckt worden -- auch in Monterey, das habe ich überprüft. Und die Geschichte begann mit: "Ex-Vizepräsident Al Gore gab gestern in Nigeria bekannt: Meine Frau Tipper und ich haben ein billiges Familienrestaurant namens Shoneys eröffnet und wir führen es selbst." Bevor ich wieder amerikanischen Boden betrat, machten David Letterman und Jay Leno schon Witze über mich -- einer von ihnen zeigte mich mit einer großen weißen Kochmütze und Tipper sagte: "Noch einen Burger mit Pommes!" Drei Tage später bekam ich einen netten, langen, handgeschriebenen Brief von meinem Freund, Partner und Kollegen Bill Clinton, in dem er schrieb: "Glückwunsch zum neuen Restaurant, Al!" (Lachen) Wir freuen uns immer, wenn der andere Erfolg im Leben hat. '),
       (73155, 'de', 339820, 'Ich wollte eigentlich über Informationsökologie sprechen. Aber ich dachte, da ich ohnehin noch sehr oft zu TED zurückkommen will, könnte ich das vielleicht auf ein anderes Mal verschieben. '),
       (73155, 'de', 352820, 'Chris Anderson: Abgemacht! '),
       (73155, 'de', 356820, 'Ich möchte mich auf das konzentrieren, was viele von Ihnen von mir hören wollen. Was kann jeder Einzelne gegen die Klimakrise tun? Ich möchte beginnen mit ... Ich werde einige neue Bilder zeigen und nur vier oder fünf noch mal durchgehen. Ein Wort zur Diashow. Ich aktualisiere sie jedes Mal, bevor ich sie zeige. Ich füge neue Bilder hinzu, weil ich jedes Mal wieder etwas dazulerne. Wie beim Strandgutsammeln -- jedes Mal, wenn die Flut da war, findet man neue Muschelschalen. Erst in den letzten beiden Tagen hatten wir neue Januar-Temperaturrekorde. Das gilt jetzt nur für die USA. Der historische Durchschnitt für Januar liegt bei minus 0,6 Grad. Im letzten Monat waren es plus 4,2 Grad. '),
       (73155, 'de', 410820, 'Ich weiß ja, dass Sie auf weitere schlechte Umweltnachrichten warten -- Ich mache nur Spaß -- aber jetzt kommt erst mal eine kurze Wiederholung und dann zeige ich Ihnen neues Material über mögliche Lösungen. Aber erst wollte ich zu einigen Dias noch etwas sagen. Zunächst steuern wir hier mit dem US-Beitrag zur Erderwärmung hin, wenn nichts unternommen wird. Endverbraucher-Effizienz bei Strom und anderen Energien, das sind die niedrig hängenden Trauben. Effizienz und Umweltschutz: Das ist kein Kostenfaktor, sondern ein Gewinnfaktor. Das Vorzeichen ist falsch. Es ist nicht negativ, sondern positiv. Diese Investitionen amortisieren sich von selbst. Aber sie lenken uns auch sehr effektiv vom richtigen Weg ab. '),
       (73155, 'de', 456820, 'Autos und LKW -- darüber habe ich in der Diashow schon gesprochen, aber ich möchte, dass Sie es im rechten Licht betrachten. Das ist ein einfacher, sichtbarer Kritikpunkt, und so sollte es auch sein, aber Gebäude haben einen größeren Anteil an der Erderwärmung als Autos und LKW. Autos und LKW sind sehr wichtig, und wir haben die weltweit niedrigsten Normen, daher sollten wir das Thema anpacken. Aber es ist nur ein Teil des Ganzen. Die Effizienz anderer Transportmittel ist ebenso wichtig wie bei Autos und LKW! Erneuerbare Energien können bei der derzeitigen Technologieeffizienz einiges ausmachen, und nach den Aussagen von Vinod, John Doerr und anderen, vielen von Ihnen -- hier sind viele Menschen direkt beteiligt -- wird dieser Keil viel schneller wachsen, als die aktuelle Projektion zeigt. Die CO2-Sequestrierung -- abgekürzt CCS -- wird sich wahrscheinlich zum ultimativen Werkzeug entwickeln, mit dem wir fossile Brennstoffe auf sichere Weise weiterhin nutzen können. Da sind wir noch nicht ganz. '),
       (73155, 'de', 534070, 'Was kann nun der Einzelne tun? Emissionen im eigenen Haus reduzieren. Die meisten dieser Ausgaben sparen langfristig auch Geld. Isolierung, besseres Baudesign, kaufen Sie möglichst umweltfreundlichen Strom. Ich sprach von Autos -- kaufen Sie eins mit Hybridantrieb. Nutzen Sie den öffentlichen Verkehr. Sehen Sie sich nach anderen, besseren Lösungen um. Das ist wichtig. '),
       (73155, 'de', 561820, 'Kaufen Sie "grün". Bei allem, was Sie einkaufen, haben Sie die Wahl zwischen Produkten mit ungünstigen und deutlich weniger ungünstigen Auswirkungen auf die globale Klimakrise. Entscheiden Sie sich für ein CO2-neutrales Leben. Diejenigen von Ihnen, die sich mit Slogans auskennen, wäre ich sehr dankbar für Tipps und Hilfe, wie man das so formulieren kann, dass es bei der Masse ankommt. Es ist einfacher, als Sie glauben. Wirklich. Viele von uns hier haben diese Entscheidung getroffen, und es ist wirklich nicht schwer. Reduzieren Sie Ihre CO2-Emissionen durch jede Wahl, die Sie treffen können, und kaufen oder erwerben Sie einen Ausgleich für den Rest, den Sie nicht vermeiden können. Genauer wird das auf climatecrisis.net erklärt. Da gibt es einen CO2-Rechner. '),
       (73155, 'de', 631550, 'Participant Productions hat unter meiner aktiven Teilnahme die führenden Programmierer der Welt zusammengerufen, um aus dieser geheimnisvollen Kunst der CO2-Berechnung einen anwenderfreundlichen CO2-Rechner zu basteln. Sie können sehr genau Ihre persönlichen CO2-Emissionen berechnen und erfahren dann Möglichkeiten, sie zu reduzieren. Bis zum Fillmstart im Mai wird es ein Update auf Version 2.0 geben, in der man sich dann direkt zum Kauf von Ausgleichseinheiten durchklicken kann. '),
       (73155, 'de', 666820, 'Versuchen Sie, Ihr Unternehmen CO2-neutral zu führen. Auch das haben einige hier schon getan, und es ist leichter, als man denkt. Beziehen Sie Klimalösungen in Ihre Innovationen mit ein, egal, ob Sie im Bereich Technologie, Unterhaltung oder Bauwesen und Architektur arbeiten. Investieren Sie nachhaltig. Davon hat Majora schon gesprochen. Wenn Sie Geld in Manager investieren, die Sie auf der Grundlage ihrer Jahresleistung entlohnen, dann beklagen Sie sich nie wieder über kurzfristiges Management. Langfristig tun die Leute, wofür man sie bezahlt. Und wenn sie aufgrund von kurzfristigen Gewinnen beurteilen, wie viel sie aus Ihrem investierten Kapital herausholen können, dann treffen sie kurzfristige Entscheidungen. Darüber lässt sich noch so einiges sagen. '),
       (73155, 'de', 724820, 'Werden Sie ein Katalysator für den Wandel. Lehren Sie andere, lernen Sie, reden Sie darüber. Der Film ist eine Filmversion der Diashow, die ich vorgestern gezeigt habe, nur viel unterhaltsamer. Und er kommt im Mai heraus. Viele von Ihnen hier können dafür sorgen, dass eine Menge Leute ihn sehen. Schicken Sie jemanden nach Nashville. Suchen Sie ihn sorgfältig aus. Ich werde persönlich Menschen schulen, diese Diashow zu zeigen, abgewandelt, die persönlichen Geschichten werden natürlich durch etwas Allgemeineres ersetzt, Es geht nicht nur um die Dias, sondern um ihre Bedeutung, ihren Zusammenhang. Daher werde ich in diesem Sommer einen Kurs für eine Gruppe von Menschen abhalten, die von verschiedenen Leuten dafür nominiert werden, diesen Vortrag massenweise in Gemeinden im ganzen Land zu halten, und wir werden die Diashow für alle jede Woche aktualisieren, damit sie immer topaktuell ist. In Zusammenarbeit mit Larry Lessig wird sie demnächst auch mit Tools und eingeschränkten Nutzungsrechten veröffentlicht werden, damit junge Leute eigene Remixe herstellen und sie auf ihre Art präsentieren können. (Applaus) '),
       (73155, 'de', 806820, 'Woher stammt nur die Empfehlung, von Politik sollte man sich fernhalten? Das bedeutet nicht, dass ich versuchen will, aus Republikanern Demokraten zu machen. Wir brauchen auch Republikaner. Das war früher ein parteiübergreifendes Thema, und in dieser Gruppe ist es das ebenfalls. Werden Sie politisch aktiv! Sorgen Sie dafür, dass unsere Demokratie so funktioniert, wie sie sollte. Unterstützen Sie die Beschränkung von CO2-Emissionen, Umweltverschmutzung und Emissionshandel. Und zwar aus folgendem Grund: Solange die USA außen vor bleiben, ist das Weltsystem kein geschlossenes System. Sobald es ein geschlossenes System wird, mit Beteiligung der USA, dann wird jedes Vorstandsmitglied ... Wie viele von Ihnen sitzen im Vorstand eines Unternehmens? In einem geschlossenen System sind Sie gesetzlich haftbar, wenn Sie den Vorstandsvorsitzenden nicht drängen, maximales Einkommen aus der Reduzierung und dem Handel mit unvermeidlichen CO2-Emissionen zu erzielen. Der Markt wird dieses Problem lösen -- wenn wir das schaffen. Helfen Sie bei der groß angelegten Meinungskampagne, die im Frühling beginnt. Wir müssen die Amerikaner zum Umdenken bringen. Denn gegenwärtig dürfen die Politiker nicht das tun, was getan werden muss. '),
       (73155, 'de', 884820, 'In unserem modernen Land ist es nicht mehr wie früher Aufgabe von Logik und Vernunft, zwischen Wohlstand und Macht zu vermitteln, wie es früher einmal war. Heute brauchen wir viele kurze, brandaktuelle 28 - 30 Sekunden lange Fernsehspots. Wir müssen eine Menge solcher Spots kaufen. Wir sollten die Erderwärmung umbenennen, wie viele von Ihnen vorgeschlagen haben. Mir gefällt "Klimakrise" besser als "Klimakatastrophe". Aber noch einmal, ich brauche Hilfe von Leuten, die sich mit Markenentwicklung auskennen. Ein Wissenschaftler sagte mal zu mir, wir stünden jetzt vor der Prüfung, ob die Kombination aus einem opponierbaren Daumen und einem Neocortex überhaupt lebensfähig ist. Das stimmt tatsächlich. Wie ich vorgestern bereits sagte: Das ist kein politisches Thema. Noch einmal an alle Republikaner hier: Es sollte dabei nicht um Parteipolitik gehen. Sie haben mehr Einfluss als einige von uns Demokraten. Dies ist eine Gelegenheit. Nicht nur das, sondern in Verbindung mit den anderen Ideen hier können wir einen größeren Zusammenhang herstellen. Wir sind eins. Ich danke Ihnen vielmals. (Applaus) '),
       (73155, 'de', 3000, 'Vielen Dank, Chris. Es ist mir wirklich eine Ehre, zweimal auf dieser Bühne stehen zu dürfen. Tausend Dank dafür. Ich bin wirklich begeistert von dieser Konferenz, und ich danke Ihnen allen für die vielen netten Kommentare zu meiner Rede vorgestern Abend. Das meine ich ernst, teilweise deshalb -- weil ich es wirklich brauchen kann! (Lachen) Versetzen Sie sich mal in meine Lage! (Lachen) (Applaus) Ich bin bin acht Jahre lang mit der Air Force Two geflogen. Jetzt muss ich meine Schuhe ausziehen, um überhaupt an Bord zu kommen! (Applaus)'),
       (73155, 'de', 60000, 'Ich erzähle Ihnen mal eine Geschichte, dann verstehen Sie mich vielleicht besser. Eine wahre Geschichte -- kein Wort daran ist erfunden. Kurz nachdem Tipper und ich aus dem (vorgetäuschtes Schluchzen) Weißen Haus ausgezogen waren, fuhren wir von unserem Haus in Nashville zu unserer kleinen Farm 50 Meilen östlich von Nashville -- und wir fuhren selbst. (Lachen) Ich weiß, für Sie ist das nichts Ungewöhnliches, aber ... (Lachen) Ich sah in den Rückspiegel und plötzlich traf mich eine Erkenntnis. Hinter mir war gar keine Autokolonne. Haben Sie schon mal vom Phantomschmerz gehört? (Lachen) Wir saßen in einem gemieteten Ford Taurus. Es war Zeit zum Abendessen und wir hielten Ausschau nach einem Restaurant. Wir waren auf der I-40. Wir kamen zur Ausfahrt 238, Lebanon, Tennessee. Wir fuhren ab und suchten nach einem ... wir fanden schließlich ein Shoneys. Für alle, die es nicht kennen: Das ist eine billige Familienrestaurantkette. Wir gingen rein und setzten uns in eine Nische. Die Kellnerin kam zu uns und machte viel Aufhebens um Tipper. Sie nahm unsere Bestellung auf, ging dann zum Paar in der Nische neben uns und senkte ihre Stimme so sehr, dass ich mich richtig anstrengen musste, um sie zu verstehen. Sie sagte: "Ja, das ist Ex-Vizepräsident Al Gore und seine Frau Tipper." Und der Mann antwortete: "Ganz schöner Abstieg, was?" (Lachen)'),
       (73155, 'de', 177000, 'Es gab eine ganze Reihe solcher Offenbarungen. Am nächsten Tag -- immer noch eine wahre Geschichte! -- flog ich in einer G5 nach Afrika, um in Nigeria eine Rede zu halten, in Lagos, und zwar über das Thema Energie. Zu Beginn der Rede erzählte ich, was mir am Vortag in Nashville passiert war. Ich erzählte es genau so, wie ich es Ihnen gerade erzählt habe. Tipper und ich fuhren selbst, Shoneys, billige Familienrestaurantkette, was der Mann gesagt hatte -- alle lachten. Ich hielt meine Rede, dann fuhr ich zurück zum Flughafen, um nach Hause zu fliegen. Im Flugzeug schlief ich, bis wir mitten in der Nacht auf den Azoren landeten, um zu tanken. Ich wachte auf, öffnete die Tür und ging hinaus, um frische Luft zu schnappen. Da sah ich plötzlich einen Mann über das Rollfeld rennen. Er wedelte mit einem Stück Papier und schrie: "Rufen Sie Washington an! Rufen Sie Washington an!" Ich dachte so: Mitten in der Nacht, mitten im Atlantik, was in der Welt könnte in Washington schief laufen? Dann fiel mir ein, dass da so einiges in Frage kam. (Lachen) (Applaus)'),
       (73155, 'de', 250000, 'Aber mein Mitarbeiter war wegem Folgenden so aufgeregt: Eine der nigerianischen Nachrichtenagenturen hatte schon eine Story über meine Rede herausgegeben. Und die war schon in Städten überall in den USA gedruckt worden -- auch in Monterey, das habe ich überprüft. Und die Geschichte begann mit: "Ex-Vizepräsident Al Gore gab gestern in Nigeria bekannt: Meine Frau Tipper und ich haben ein billiges Familienrestaurant namens Shoneys eröffnet und wir führen es selbst." Bevor ich wieder amerikanischen Boden betrat, machten David Letterman und Jay Leno schon Witze über mich -- einer von ihnen zeigte mich mit einer großen weißen Kochmütze und Tipper sagte: "Noch einen Burger mit Pommes!" Drei Tage später bekam ich einen netten, langen, handgeschriebenen Brief von meinem Freund, Partner und Kollegen Bill Clinton, in dem er schrieb: "Glückwunsch zum neuen Restaurant, Al!" (Lachen) Wir freuen uns immer, wenn der andere Erfolg im Leben hat.'),
       (73155, 'de', 328000, 'Ich wollte eigentlich über Informationsökologie sprechen. Aber ich dachte, da ich ohnehin noch sehr oft zu TED zurückkommen will, könnte ich das vielleicht auf ein anderes Mal verschieben.'),
       (73155, 'de', 341000, 'Chris Anderson: Abgemacht!'),
       (73155, 'de', 345000, 'Ich möchte mich auf das konzentrieren, was viele von Ihnen von mir hören wollen. Was kann jeder Einzelne gegen die Klimakrise tun? Ich möchte beginnen mit ... Ich werde einige neue Bilder zeigen und nur vier oder fünf noch mal durchgehen. Ein Wort zur Diashow. Ich aktualisiere sie jedes Mal, bevor ich sie zeige. Ich füge neue Bilder hinzu, weil ich jedes Mal wieder etwas dazulerne. Wie beim Strandgutsammeln -- jedes Mal, wenn die Flut da war, findet man neue Muschelschalen. Erst in den letzten beiden Tagen hatten wir neue Januar-Temperaturrekorde. Das gilt jetzt nur für die USA. Der historische Durchschnitt für Januar liegt bei minus 0,6 Grad. Im letzten Monat waren es plus 4,2 Grad.'),
       (73155, 'de', 399000, 'Ich weiß ja, dass Sie auf weitere schlechte Umweltnachrichten warten -- Ich mache nur Spaß -- aber jetzt kommt erst mal eine kurze Wiederholung und dann zeige ich Ihnen neues Material über mögliche Lösungen. Aber erst wollte ich zu einigen Dias noch etwas sagen. Zunächst steuern wir hier mit dem US-Beitrag zur Erderwärmung hin, wenn nichts unternommen wird. Endverbraucher-Effizienz bei Strom und anderen Energien, das sind die niedrig hängenden Trauben. Effizienz und Umweltschutz: Das ist kein Kostenfaktor, sondern ein Gewinnfaktor. Das Vorzeichen ist falsch. Es ist nicht negativ, sondern positiv. Diese Investitionen amortisieren sich von selbst. Aber sie lenken uns auch sehr effektiv vom richtigen Weg ab.'),
       (73155, 'de', 445000, 'Autos und LKW -- darüber habe ich in der Diashow schon gesprochen, aber ich möchte, dass Sie es im rechten Licht betrachten. Das ist ein einfacher, sichtbarer Kritikpunkt, und so sollte es auch sein, aber Gebäude haben einen größeren Anteil an der Erderwärmung als Autos und LKW. Autos und LKW sind sehr wichtig, und wir haben die weltweit niedrigsten Normen, daher sollten wir das Thema anpacken. Aber es ist nur ein Teil des Ganzen. Die Effizienz anderer Transportmittel ist ebenso wichtig wie bei Autos und LKW! Erneuerbare Energien können bei der derzeitigen Technologieeffizienz einiges ausmachen, und nach den Aussagen von Vinod, John Doerr und anderen, vielen von Ihnen -- hier sind viele Menschen direkt beteiligt -- wird dieser Keil viel schneller wachsen, als die aktuelle Projektion zeigt. Die CO2-Sequestrierung -- abgekürzt CCS -- wird sich wahrscheinlich zum ultimativen Werkzeug entwickeln, mit dem wir fossile Brennstoffe auf sichere Weise weiterhin nutzen können. Da sind wir noch nicht ganz.'),
       (73155, 'de', 522250, 'Was kann nun der Einzelne tun? Emissionen im eigenen Haus reduzieren. Die meisten dieser Ausgaben sparen langfristig auch Geld. Isolierung, besseres Baudesign, kaufen Sie möglichst umweltfreundlichen Strom. Ich sprach von Autos -- kaufen Sie eins mit Hybridantrieb. Nutzen Sie den öffentlichen Verkehr. Sehen Sie sich nach anderen, besseren Lösungen um. Das ist wichtig.'),
       (73155, 'de', 550000, 'Kaufen Sie "grün". Bei allem, was Sie einkaufen, haben Sie die Wahl zwischen Produkten mit ungünstigen und deutlich weniger ungünstigen Auswirkungen auf die globale Klimakrise. Entscheiden Sie sich für ein CO2-neutrales Leben. Diejenigen von Ihnen, die sich mit Slogans auskennen, wäre ich sehr dankbar für Tipps und Hilfe, wie man das so formulieren kann, dass es bei der Masse ankommt. Es ist einfacher, als Sie glauben. Wirklich. Viele von uns hier haben diese Entscheidung getroffen, und es ist wirklich nicht schwer. Reduzieren Sie Ihre CO2-Emissionen durch jede Wahl, die Sie treffen können, und kaufen oder erwerben Sie einen Ausgleich für den Rest, den Sie nicht vermeiden können. Genauer wird das auf climatecrisis.net erklärt. Da gibt es einen CO2-Rechner.'),
       (73155, 'de', 619730, 'Participant Productions hat unter meiner aktiven Teilnahme die führenden Programmierer der Welt zusammengerufen, um aus dieser geheimnisvollen Kunst der CO2-Berechnung einen anwenderfreundlichen CO2-Rechner zu basteln. Sie können sehr genau Ihre persönlichen CO2-Emissionen berechnen und erfahren dann Möglichkeiten, sie zu reduzieren. Bis zum Fillmstart im Mai wird es ein Update auf Version 2.0 geben, in der man sich dann direkt zum Kauf von Ausgleichseinheiten durchklicken kann.'),
       (73155, 'de', 655000, 'Versuchen Sie, Ihr Unternehmen CO2-neutral zu führen. Auch das haben einige hier schon getan, und es ist leichter, als man denkt. Beziehen Sie Klimalösungen in Ihre Innovationen mit ein, egal, ob Sie im Bereich Technologie, Unterhaltung oder Bauwesen und Architektur arbeiten. Investieren Sie nachhaltig. Davon hat Majora schon gesprochen. Wenn Sie Geld in Manager investieren, die Sie auf der Grundlage ihrer Jahresleistung entlohnen, dann beklagen Sie sich nie wieder über kurzfristiges Management. Langfristig tun die Leute, wofür man sie bezahlt. Und wenn sie aufgrund von kurzfristigen Gewinnen beurteilen, wie viel sie aus Ihrem investierten Kapital herausholen können, dann treffen sie kurzfristige Entscheidungen. Darüber lässt sich noch so einiges sagen.'),
       (73155, 'de', 713000, 'Werden Sie ein Katalysator für den Wandel. Lehren Sie andere, lernen Sie, reden Sie darüber. Der Film ist eine Filmversion der Diashow, die ich vorgestern gezeigt habe, nur viel unterhaltsamer. Und er kommt im Mai heraus. Viele von Ihnen hier können dafür sorgen, dass eine Menge Leute ihn sehen. Schicken Sie jemanden nach Nashville. Suchen Sie ihn sorgfältig aus. Ich werde persönlich Menschen schulen, diese Diashow zu zeigen, abgewandelt, die persönlichen Geschichten werden natürlich durch etwas Allgemeineres ersetzt, Es geht nicht nur um die Dias, sondern um ihre Bedeutung, ihren Zusammenhang. Daher werde ich in diesem Sommer einen Kurs für eine Gruppe von Menschen abhalten, die von verschiedenen Leuten dafür nominiert werden, diesen Vortrag massenweise in Gemeinden im ganzen Land zu halten, und wir werden die Diashow für alle jede Woche aktualisieren, damit sie immer topaktuell ist. In Zusammenarbeit mit Larry Lessig wird sie demnächst auch mit Tools und eingeschränkten Nutzungsrechten veröffentlicht werden, damit junge Leute eigene Remixe herstellen und sie auf ihre Art präsentieren können. (Applaus)'),
       (73155, 'de', 3000, 'Vielen Dank, Chris. Es ist mir wirklich eine Ehre, zweimal auf dieser Bühne stehen zu dürfen. Tausend Dank dafür. Ich bin wirklich begeistert von dieser Konferenz, und ich danke Ihnen allen für die vielen netten Kommentare zu meiner Rede vorgestern Abend. Das meine ich ernst, teilweise deshalb -- weil ich es wirklich brauchen kann! (Lachen) Versetzen Sie sich mal in meine Lage! (Lachen) (Applaus) Ich bin bin acht Jahre lang mit der Air Force Two geflogen. Jetzt muss ich meine Schuhe ausziehen, um überhaupt an Bord zu kommen! (Applaus)'),
       (73155, 'de', 795000, 'Woher stammt nur die Empfehlung, von Politik sollte man sich fernhalten? Das bedeutet nicht, dass ich versuchen will, aus Republikanern Demokraten zu machen. Wir brauchen auch Republikaner. Das war früher ein parteiübergreifendes Thema, und in dieser Gruppe ist es das ebenfalls. Werden Sie politisch aktiv! Sorgen Sie dafür, dass unsere Demokratie so funktioniert, wie sie sollte. Unterstützen Sie die Beschränkung von CO2-Emissionen, Umweltverschmutzung und Emissionshandel. Und zwar aus folgendem Grund: Solange die USA außen vor bleiben, ist das Weltsystem kein geschlossenes System. Sobald es ein geschlossenes System wird, mit Beteiligung der USA, dann wird jedes Vorstandsmitglied ... Wie viele von Ihnen sitzen im Vorstand eines Unternehmens? In einem geschlossenen System sind Sie gesetzlich haftbar, wenn Sie den Vorstandsvorsitzenden nicht drängen, maximales Einkommen aus der Reduzierung und dem Handel mit unvermeidlichen CO2-Emissionen zu erzielen. Der Markt wird dieses Problem lösen -- wenn wir das schaffen. Helfen Sie bei der groß angelegten Meinungskampagne, die im Frühling beginnt. Wir müssen die Amerikaner zum Umdenken bringen. Denn gegenwärtig dürfen die Politiker nicht das tun, was getan werden muss.'),
       (73155, 'de', 60000, 'Ich erzähle Ihnen mal eine Geschichte, dann verstehen Sie mich vielleicht besser. Eine wahre Geschichte -- kein Wort daran ist erfunden. Kurz nachdem Tipper und ich aus dem (vorgetäuschtes Schluchzen) Weißen Haus ausgezogen waren, fuhren wir von unserem Haus in Nashville zu unserer kleinen Farm 50 Meilen östlich von Nashville -- und wir fuhren selbst. (Lachen) Ich weiß, für Sie ist das nichts Ungewöhnliches, aber ... (Lachen) Ich sah in den Rückspiegel und plötzlich traf mich eine Erkenntnis. Hinter mir war gar keine Autokolonne. Haben Sie schon mal vom Phantomschmerz gehört? (Lachen) Wir saßen in einem gemieteten Ford Taurus. Es war Zeit zum Abendessen und wir hielten Ausschau nach einem Restaurant. Wir waren auf der I-40. Wir kamen zur Ausfahrt 238, Lebanon, Tennessee. Wir fuhren ab und suchten nach einem ... wir fanden schließlich ein Shoneys. Für alle, die es nicht kennen: Das ist eine billige Familienrestaurantkette. Wir gingen rein und setzten uns in eine Nische. Die Kellnerin kam zu uns und machte viel Aufhebens um Tipper. Sie nahm unsere Bestellung auf, ging dann zum Paar in der Nische neben uns und senkte ihre Stimme so sehr, dass ich mich richtig anstrengen musste, um sie zu verstehen. Sie sagte: "Ja, das ist Ex-Vizepräsident Al Gore und seine Frau Tipper." Und der Mann antwortete: "Ganz schöner Abstieg, was?" (Lachen)'),
       (73155, 'de', 873000, 'In unserem modernen Land ist es nicht mehr wie früher Aufgabe von Logik und Vernunft, zwischen Wohlstand und Macht zu vermitteln, wie es früher einmal war. Heute brauchen wir viele kurze, brandaktuelle 28 - 30 Sekunden lange Fernsehspots. Wir müssen eine Menge solcher Spots kaufen. Wir sollten die Erderwärmung umbenennen, wie viele von Ihnen vorgeschlagen haben. Mir gefällt "Klimakrise" besser als "Klimakatastrophe". Aber noch einmal, ich brauche Hilfe von Leuten, die sich mit Markenentwicklung auskennen. Ein Wissenschaftler sagte mal zu mir, wir stünden jetzt vor der Prüfung, ob die Kombination aus einem opponierbaren Daumen und einem Neocortex überhaupt lebensfähig ist. Das stimmt tatsächlich. Wie ich vorgestern bereits sagte: Das ist kein politisches Thema. Noch einmal an alle Republikaner hier: Es sollte dabei nicht um Parteipolitik gehen. Sie haben mehr Einfluss als einige von uns Demokraten. Dies ist eine Gelegenheit. Nicht nur das, sondern in Verbindung mit den anderen Ideen hier können wir einen größeren Zusammenhang herstellen. Wir sind eins. Ich danke Ihnen vielmals. (Applaus)'),
       (73155, 'de', 177000, 'Es gab eine ganze Reihe solcher Offenbarungen. Am nächsten Tag -- immer noch eine wahre Geschichte! -- flog ich in einer G5 nach Afrika, um in Nigeria eine Rede zu halten, in Lagos, und zwar über das Thema Energie. Zu Beginn der Rede erzählte ich, was mir am Vortag in Nashville passiert war. Ich erzählte es genau so, wie ich es Ihnen gerade erzählt habe. Tipper und ich fuhren selbst, Shoneys, billige Familienrestaurantkette, was der Mann gesagt hatte -- alle lachten. Ich hielt meine Rede, dann fuhr ich zurück zum Flughafen, um nach Hause zu fliegen. Im Flugzeug schlief ich, bis wir mitten in der Nacht auf den Azoren landeten, um zu tanken. Ich wachte auf, öffnete die Tür und ging hinaus, um frische Luft zu schnappen. Da sah ich plötzlich einen Mann über das Rollfeld rennen. Er wedelte mit einem Stück Papier und schrie: "Rufen Sie Washington an! Rufen Sie Washington an!" Ich dachte so: Mitten in der Nacht, mitten im Atlantik, was in der Welt könnte in Washington schief laufen? Dann fiel mir ein, dass da so einiges in Frage kam. (Lachen) (Applaus)'),
       (73155, 'de', 250000, 'Aber mein Mitarbeiter war wegem Folgenden so aufgeregt: Eine der nigerianischen Nachrichtenagenturen hatte schon eine Story über meine Rede herausgegeben. Und die war schon in Städten überall in den USA gedruckt worden -- auch in Monterey, das habe ich überprüft. Und die Geschichte begann mit: "Ex-Vizepräsident Al Gore gab gestern in Nigeria bekannt: Meine Frau Tipper und ich haben ein billiges Familienrestaurant namens Shoneys eröffnet und wir führen es selbst." Bevor ich wieder amerikanischen Boden betrat, machten David Letterman und Jay Leno schon Witze über mich -- einer von ihnen zeigte mich mit einer großen weißen Kochmütze und Tipper sagte: "Noch einen Burger mit Pommes!" Drei Tage später bekam ich einen netten, langen, handgeschriebenen Brief von meinem Freund, Partner und Kollegen Bill Clinton, in dem er schrieb: "Glückwunsch zum neuen Restaurant, Al!" (Lachen) Wir freuen uns immer, wenn der andere Erfolg im Leben hat.'),
       (73155, 'de', 328000, 'Ich wollte eigentlich über Informationsökologie sprechen. Aber ich dachte, da ich ohnehin noch sehr oft zu TED zurückkommen will, könnte ich das vielleicht auf ein anderes Mal verschieben.'),
       (73155, 'de', 341000, 'Chris Anderson: Abgemacht!'),
       (73155, 'de', 345000, 'Ich möchte mich auf das konzentrieren, was viele von Ihnen von mir hören wollen. Was kann jeder Einzelne gegen die Klimakrise tun? Ich möchte beginnen mit ... Ich werde einige neue Bilder zeigen und nur vier oder fünf noch mal durchgehen. Ein Wort zur Diashow. Ich aktualisiere sie jedes Mal, bevor ich sie zeige. Ich füge neue Bilder hinzu, weil ich jedes Mal wieder etwas dazulerne. Wie beim Strandgutsammeln -- jedes Mal, wenn die Flut da war, findet man neue Muschelschalen. Erst in den letzten beiden Tagen hatten wir neue Januar-Temperaturrekorde. Das gilt jetzt nur für die USA. Der historische Durchschnitt für Januar liegt bei minus 0,6 Grad. Im letzten Monat waren es plus 4,2 Grad.'),
       (73155, 'de', 399000, 'Ich weiß ja, dass Sie auf weitere schlechte Umweltnachrichten warten -- Ich mache nur Spaß -- aber jetzt kommt erst mal eine kurze Wiederholung und dann zeige ich Ihnen neues Material über mögliche Lösungen. Aber erst wollte ich zu einigen Dias noch etwas sagen. Zunächst steuern wir hier mit dem US-Beitrag zur Erderwärmung hin, wenn nichts unternommen wird. Endverbraucher-Effizienz bei Strom und anderen Energien, das sind die niedrig hängenden Trauben. Effizienz und Umweltschutz: Das ist kein Kostenfaktor, sondern ein Gewinnfaktor. Das Vorzeichen ist falsch. Es ist nicht negativ, sondern positiv. Diese Investitionen amortisieren sich von selbst. Aber sie lenken uns auch sehr effektiv vom richtigen Weg ab.'),
       (73155, 'de', 445000, 'Autos und LKW -- darüber habe ich in der Diashow schon gesprochen, aber ich möchte, dass Sie es im rechten Licht betrachten. Das ist ein einfacher, sichtbarer Kritikpunkt, und so sollte es auch sein, aber Gebäude haben einen größeren Anteil an der Erderwärmung als Autos und LKW. Autos und LKW sind sehr wichtig, und wir haben die weltweit niedrigsten Normen, daher sollten wir das Thema anpacken. Aber es ist nur ein Teil des Ganzen. Die Effizienz anderer Transportmittel ist ebenso wichtig wie bei Autos und LKW! Erneuerbare Energien können bei der derzeitigen Technologieeffizienz einiges ausmachen, und nach den Aussagen von Vinod, John Doerr und anderen, vielen von Ihnen -- hier sind viele Menschen direkt beteiligt -- wird dieser Keil viel schneller wachsen, als die aktuelle Projektion zeigt. Die CO2-Sequestrierung -- abgekürzt CCS -- wird sich wahrscheinlich zum ultimativen Werkzeug entwickeln, mit dem wir fossile Brennstoffe auf sichere Weise weiterhin nutzen können. Da sind wir noch nicht ganz.'),
       (73155, 'de', 522250, 'Was kann nun der Einzelne tun? Emissionen im eigenen Haus reduzieren. Die meisten dieser Ausgaben sparen langfristig auch Geld. Isolierung, besseres Baudesign, kaufen Sie möglichst umweltfreundlichen Strom. Ich sprach von Autos -- kaufen Sie eins mit Hybridantrieb. Nutzen Sie den öffentlichen Verkehr. Sehen Sie sich nach anderen, besseren Lösungen um. Das ist wichtig.'),
       (73155, 'de', 550000, 'Kaufen Sie "grün". Bei allem, was Sie einkaufen, haben Sie die Wahl zwischen Produkten mit ungünstigen und deutlich weniger ungünstigen Auswirkungen auf die globale Klimakrise. Entscheiden Sie sich für ein CO2-neutrales Leben. Diejenigen von Ihnen, die sich mit Slogans auskennen, wäre ich sehr dankbar für Tipps und Hilfe, wie man das so formulieren kann, dass es bei der Masse ankommt. Es ist einfacher, als Sie glauben. Wirklich. Viele von uns hier haben diese Entscheidung getroffen, und es ist wirklich nicht schwer. Reduzieren Sie Ihre CO2-Emissionen durch jede Wahl, die Sie treffen können, und kaufen oder erwerben Sie einen Ausgleich für den Rest, den Sie nicht vermeiden können. Genauer wird das auf climatecrisis.net erklärt. Da gibt es einen CO2-Rechner.'),
       (73155, 'de', 619730, 'Participant Productions hat unter meiner aktiven Teilnahme die führenden Programmierer der Welt zusammengerufen, um aus dieser geheimnisvollen Kunst der CO2-Berechnung einen anwenderfreundlichen CO2-Rechner zu basteln. Sie können sehr genau Ihre persönlichen CO2-Emissionen berechnen und erfahren dann Möglichkeiten, sie zu reduzieren. Bis zum Fillmstart im Mai wird es ein Update auf Version 2.0 geben, in der man sich dann direkt zum Kauf von Ausgleichseinheiten durchklicken kann.'),
       (73155, 'de', 655000, 'Versuchen Sie, Ihr Unternehmen CO2-neutral zu führen. Auch das haben einige hier schon getan, und es ist leichter, als man denkt. Beziehen Sie Klimalösungen in Ihre Innovationen mit ein, egal, ob Sie im Bereich Technologie, Unterhaltung oder Bauwesen und Architektur arbeiten. Investieren Sie nachhaltig. Davon hat Majora schon gesprochen. Wenn Sie Geld in Manager investieren, die Sie auf der Grundlage ihrer Jahresleistung entlohnen, dann beklagen Sie sich nie wieder über kurzfristiges Management. Langfristig tun die Leute, wofür man sie bezahlt. Und wenn sie aufgrund von kurzfristigen Gewinnen beurteilen, wie viel sie aus Ihrem investierten Kapital herausholen können, dann treffen sie kurzfristige Entscheidungen. Darüber lässt sich noch so einiges sagen.'),
       (73155, 'de', 713000, 'Werden Sie ein Katalysator für den Wandel. Lehren Sie andere, lernen Sie, reden Sie darüber. Der Film ist eine Filmversion der Diashow, die ich vorgestern gezeigt habe, nur viel unterhaltsamer. Und er kommt im Mai heraus. Viele von Ihnen hier können dafür sorgen, dass eine Menge Leute ihn sehen. Schicken Sie jemanden nach Nashville. Suchen Sie ihn sorgfältig aus. Ich werde persönlich Menschen schulen, diese Diashow zu zeigen, abgewandelt, die persönlichen Geschichten werden natürlich durch etwas Allgemeineres ersetzt, Es geht nicht nur um die Dias, sondern um ihre Bedeutung, ihren Zusammenhang. Daher werde ich in diesem Sommer einen Kurs für eine Gruppe von Menschen abhalten, die von verschiedenen Leuten dafür nominiert werden, diesen Vortrag massenweise in Gemeinden im ganzen Land zu halten, und wir werden die Diashow für alle jede Woche aktualisieren, damit sie immer topaktuell ist. In Zusammenarbeit mit Larry Lessig wird sie demnächst auch mit Tools und eingeschränkten Nutzungsrechten veröffentlicht werden, damit junge Leute eigene Remixe herstellen und sie auf ihre Art präsentieren können. (Applaus)'),
       (73155, 'de', 795000, 'Woher stammt nur die Empfehlung, von Politik sollte man sich fernhalten? Das bedeutet nicht, dass ich versuchen will, aus Republikanern Demokraten zu machen. Wir brauchen auch Republikaner. Das war früher ein parteiübergreifendes Thema, und in dieser Gruppe ist es das ebenfalls. Werden Sie politisch aktiv! Sorgen Sie dafür, dass unsere Demokratie so funktioniert, wie sie sollte. Unterstützen Sie die Beschränkung von CO2-Emissionen, Umweltverschmutzung und Emissionshandel. Und zwar aus folgendem Grund: Solange die USA außen vor bleiben, ist das Weltsystem kein geschlossenes System. Sobald es ein geschlossenes System wird, mit Beteiligung der USA, dann wird jedes Vorstandsmitglied ... Wie viele von Ihnen sitzen im Vorstand eines Unternehmens? In einem geschlossenen System sind Sie gesetzlich haftbar, wenn Sie den Vorstandsvorsitzenden nicht drängen, maximales Einkommen aus der Reduzierung und dem Handel mit unvermeidlichen CO2-Emissionen zu erzielen. Der Markt wird dieses Problem lösen -- wenn wir das schaffen. Helfen Sie bei der groß angelegten Meinungskampagne, die im Frühling beginnt. Wir müssen die Amerikaner zum Umdenken bringen. Denn gegenwärtig dürfen die Politiker nicht das tun, was getan werden muss.'),
       (73155, 'de', 873000, 'In unserem modernen Land ist es nicht mehr wie früher Aufgabe von Logik und Vernunft, zwischen Wohlstand und Macht zu vermitteln, wie es früher einmal war. Heute brauchen wir viele kurze, brandaktuelle 28 - 30 Sekunden lange Fernsehspots. Wir müssen eine Menge solcher Spots kaufen. Wir sollten die Erderwärmung umbenennen, wie viele von Ihnen vorgeschlagen haben. Mir gefällt "Klimakrise" besser als "Klimakatastrophe". Aber noch einmal, ich brauche Hilfe von Leuten, die sich mit Markenentwicklung auskennen. Ein Wissenschaftler sagte mal zu mir, wir stünden jetzt vor der Prüfung, ob die Kombination aus einem opponierbaren Daumen und einem Neocortex überhaupt lebensfähig ist. Das stimmt tatsächlich. Wie ich vorgestern bereits sagte: Das ist kein politisches Thema. Noch einmal an alle Republikaner hier: Es sollte dabei nicht um Parteipolitik gehen. Sie haben mehr Einfluss als einige von uns Demokraten. Dies ist eine Gelegenheit. Nicht nur das, sondern in Verbindung mit den anderen Ideen hier können wir einen größeren Zusammenhang herstellen. Wir sind eins. Ich danke Ihnen vielmals. (Applaus)');

INSERT INTO `learnweb_large`.`ted_transcripts_lang_mapping` (`language_code`, `language`)
VALUES ('en', 'English'),
       ('de', 'German'),
       ('uk', 'Ukrainian'),
       ('zh-cn', 'Chinese, Simplified'),
       ('zh-tw', 'Chinese, Traditional');
