INSERT INTO `lw_search_history` (`search_id`, `group_id`, `query`, `mode`, `service`, `language`, `filters`, `user_id`, `created_at`)
VALUES (1, NULL, 'Food', 'text', 'google', 'it', NULL, 1, '2021-03-05 18:30:25'),
       (2, NULL, 'spacex', 'video', 'vimeo', 'en', NULL, 2, '2021-03-05 12:53:42'),
       (3, 1, 'a whales tale', 'video', 'youtube', 'it', NULL, 4, '2021-03-05 07:42:29');

INSERT INTO `lw_search_history_resource` (`search_id`, `rank`, `resource_id`, `url`, `title`, `description`, `thumbnail_url`, `thumbnail_height`, `thumbnail_width`)
VALUES (1, 1, NULL, 'https://www.foodweb.it/', '<b>FOOD</b> - Il meglio dell’industria e della distribuzione ...', 'Analisi di mercato, dossier, case history, news, interviste ai protagonisti del food system, osservatori, rubriche', NULL, NULL, NULL),
       (1, 2, NULL, 'http://www.wordreference.com/enit/food', '<b>food</b> - Dizionario inglese-italiano WordReference', 'food - Traduzione del vocabolo e dei suoi composti, e discussioni del forum.', NULL, NULL, NULL),
       (1, 3, NULL, 'https://www.ilsole24ore.com/sez/food', 'Food24: le eccellenze della FoodEconomy per chi ama il ...', 'Food24 una guida olistica al buon cibo, al cibo come esperienza culturale, come comunicazione, al cibo come cultura, cibo come simbolo, come arte, come rifugio, come identità culturale, cibo come ...', NULL, NULL, NULL),
       (1, 4, NULL, 'https://en.wikipedia.org/wiki/Food', '<b>Food</b> - Wikipedia', 'Food is any substance consumed to provide nutritional support for an organism.Food is usually of plant, animal or fungal origin, and contains essential nutrients, such as carbohydrates, fats, proteins, vitamins, or minerals.The substance is ingested by an organism and assimilated by the organisms cells to provide energy, maintain life, or stimulate growth.', NULL, NULL, NULL),
       (1, 5, NULL, 'https://www.ifood.it/', 'iFood | infinito Amore per il Cibo', 'iFood è un portale che ruota attorno al Cibo e alle sue mille sfumature: ricette, fotografie, libri, viaggi, persone, luoghi e storie. È il rumore perfetto della crosta del pane, il movimento delle mani infarinate, la combinazione degli odori che rimandano ad un viaggio, al piatto assaggiato in un mondo lontano.', NULL, NULL, NULL),
       (1, 6, NULL, 'https://www.dictionary.com/browse/food', '<b>Food</b> | Definition of <b>Food</b> at Dictionary.com', 'Food definition, any nourishing substance that is eaten, drunk, or otherwise taken into the body to sustain life, provide energy, promote growth, etc. See more.', NULL, NULL, NULL),
       (1, 7, NULL, 'https://www.gruppofood.com/', 'Gruppo <b>Food</b> - Home - Gruppo <b>Food</b>', 'Gruppo Food mette a disposizione di industria e distribuzione alimentare servizi integrati per informare, formare e garantire perfomance competitive nellambito della comunicazione e del marketing. Business Journalism. Informazione costante sul mercato con opinioni, analisi, ...', NULL, NULL, NULL),
       (1, 8, NULL, 'https://www.slowfood.it/', 'Slow <b>Food</b> - Buono, Pulito e Giusto', 'Slow Food è una associazione internazionale no profit impegnata a ridare valore al cibo, nel rispetto di chi produce, in armonia con ambiente ed ecosistemi, grazie ai saperi di cui sono custodi territori e tradizioni locali', NULL, NULL, NULL),
       (1, 9, NULL, 'https://www.journals.elsevier.com/food-chemistry/', '<b>Food</b> Chemistry - Journal - Elsevier', 'Food Chemistry has two open access companion journals Food Chemistry: X and Food Chemistry: Molecular Sciences.. The Aims and Scope of Food Chemistry are assessed and modified on an annual basis to reflect developments in the field. This means that research topics that have been deemed in scope previously may now fall outside of the scope of the journal as our scientific and technical ...', NULL, NULL, NULL),
       (1, 10, NULL, 'http://www.fao.org/home/en/', 'Home | <b>Food and Agriculture Organization</b> of the United Nations', 'The Food and Agriculture Organization (FAO) is a specialized agency of the United Nations that leads international efforts to defeat hunger.', NULL, NULL, NULL),
       (2, 1, NULL, 'https://vimeo.com/248591160', 'SpaceX Falcon 9 Rocket Launch', 'Follow me:  https://www.facebook.com/JesseWatsonPhotography https://instagram.com/jessewatsonphoto  https://youtube.com/user/cyclemonkey?sub_confirmation=1 twitter.com/IamJesseWatson Timelapse video of the SpaceX Falcon 9 rocket launch from Vandenberg AFB as seen from Yuma, Arizona  Ive been following the SpaceX launches online for some time now and have been in awe of the footage I’ve seen. I found out about this specific launch from Vandenberg Air Force Base a few days prior to the event. I wanted to capture this amazing spectacle in a fashion that I haven’t seen previously, as most of what I have seen is cell phones video or news reels.   This particular launch was close to my hometown in Yuma, Arizona, roughly 400 miles away but perfectly viewable for people in Arizona. I’ve one previous rocket launch years ago from White Sands Missile range in the morning time at sunrise and knew with the correct lighting from sunset that this launch had the opportunity to pop in a dramatic...', 'https://i.vimeocdn.com/video/674160323_640x360.jpg?r=pad', 360, 640),
       (2, 2, NULL, 'https://vimeo.com/242601060', 'SpaceX:  We Choose', 'Director: Stash Capar Production: Sequoia Content Executive Producer: Suzanne Allan Producer: Katy Maravala DP: Kristofer Bonnell Production Designer: Brad Wilson Casting:  Mann Casting Editor:  Stash Capar Music:  Nikhil Seetharam Colour: Tricia Hagoriles @ Alter Ego Producer at Alter Ego:  Jane Garrah VFX:  Aaron Pozzer Sound Design: Kendra Welham', 'https://i.vimeocdn.com/video/666536754_640x360.jpg?r=pad', 360, 640),
       (2, 3, NULL, 'https://vimeo.com/180528272', 'SpaceX - Igniting Interest In Space Exploration', 'Thank you Elon Musk and all of the SpaceX team for igniting a generations interest in space exploration.  Music: KS Rhoads - Our Corner Of The Universe  Video: SpaceX NASA TV  Audio: 60 Minutes - Elon Musk Profile Piece The WorldPost - Key Innovations Of The Future | Elon Musk', 'https://i.vimeocdn.com/video/588777761_640x360.jpg?r=pad', 360, 640),
       (2, 4, NULL, 'https://vimeo.com/338361997', 'SpaceX Starlink objects train 24 May 2019', 'The train of Starlink satellites passing over Leiden, the Netherlands, about 22.5 hours after launch. Video with WATEC 902H + Canon FD 1.8/50 mm lens, GPS time inserter. Note for Media: you may freely use this video in newsitems, as long as you acknowledge the source (Marco Langbroek, Leiden, the Netherlands)', 'https://i.vimeocdn.com/video/785882047_640x360.jpg?r=pad', 360, 640),
       (2, 5, NULL, 'https://vimeo.com/41703786', 'SpaceX Texas Rocket Development Facility', 'An overview of SpaceXs Rocket Development Facility in McGregor, Texas.  Take a tour with SpaceX VP of Propulsion Tom Mueller.', 'https://i.vimeocdn.com/video/290688806_640x360.jpg?r=pad', 360, 640),
       (2, 6, NULL, 'https://vimeo.com/41871757', 'SpaceX Launch 12/8/10', 'Video summary of the December 8, 2010, COTS 1 Mission, the first launch of a Dragon spacecraft.  SpaceXs Falcon 9 rocket launched from the Cape Canaveral Air Force Station carrying a Dragon spacecraft. On that day, SpaceX became the first commercial company in history to successfully send a spacecraft to orbit and return it safety back to Earth.', 'https://i.vimeocdn.com/video/290680205_640x360.jpg?r=pad', 360, 640),
       (2, 7, NULL, 'https://vimeo.com/64615482', 'SpaceX Grasshopper 250m Test', 'SpaceXs Grasshopper flies 820 feet, tripling its March 7th leap.   Grasshopper is a 10-story Vertical Takeoff Vertical Landing (VTVL) vehicle that SpaceX has designed to test the technologies needed to return a rocket back to Earth intact. While most rockets are designed to burn up in the atmosphere during reentry, SpaceXs rockets are being designed to return to the launch pad for a vertical landing.', 'https://i.vimeocdn.com/video/436773445_640x360.jpg?r=pad', 360, 640),
       (2, 8, NULL, 'https://vimeo.com/184564192', 'SpaceX Interplanetary Transport System', '', 'https://i.vimeocdn.com/video/594037091_640x360.jpg?r=pad', 360, 640),
       (2, 9, NULL, 'https://vimeo.com/252569579', 'SpaceX - We Choose', 'Director: Stash Capar Production: Sequoia Content Executive Producer: Suzanne Allan Producer: Katy Maravala DP: Kristofer Bonnell Production Designer: Brad Wilson Casting: Mann Casting Editor: Stash Capar Music: Nikhil Seetharam Colour: Tricia Hagoriles @ Alter Ego Producer at Alter Ego: Jane Garrah VFX: Aaron Pozzer Sound Design: Kendra Welham', 'https://i.vimeocdn.com/video/679242718_960x398.jpg?r=pad', 398, 960),
       (2, 10, NULL, 'https://vimeo.com/108391685', 'Dragonland (A SpaceX Tribute)', '"Dragonland" is a music montage honoring SpaceX, specifically the robotic Dragon cargo ship and the recently announced Dragon V2 that will fly crew to the International Space Station and, later in the decade, the Bigelow Aerospace expandable habitats.  The music "Dragonland" is from the new album "Sun" by Thomas Bergersen.  You can download the album via his web site at www.thomasbergersen.com.  Visit our web site at www.spaceksc.com.  Were on Twitter at @SpaceKSCBlog.', 'https://i.vimeocdn.com/video/492058063_640x360.jpg?r=pad', 360, 640),
       (3, 1, NULL, 'https://www.youtube.com/watch?v=xFPoIU5iiYQ', 'A Whale&#39,s Tale | Hope Works', 'A whale helps smaller sea creatures who are trapped in plastic waste. On land a young boy seeks support to clear the sea in his area. Fishermen come to his aid ...', 'https://i.ytimg.com/vi/xFPoIU5iiYQ/hqdefault.jpg', 360, 480),
       (3, 2, NULL, 'https://www.youtube.com/watch?v=2SbMVDGv-XM', 'The Tale Of The Humpback Whale 💦🐋 | Gruffalo: The Snail &amp, The Whale', 'This is the tale of the humpback whale who answers the Snails one wish! #SnailAndTheWhale Gruffalo World is the official YouTube channel for all things ...', 'https://i.ytimg.com/vi/2SbMVDGv-XM/hqdefault.jpg', 360, 480),
       (3, 3, NULL, 'https://www.youtube.com/watch?v=nh7e1p15NF0', 'A Whale&#39,s Tale', 'Provided to YouTube by Polyvinyl Records A Whales Tale · Post Animal Post Animal Perform the Most Curious Water Activities ℗ 2017 Polyvinyl Record Co.', 'https://i.ytimg.com/vi/nh7e1p15NF0/hqdefault.jpg', 360, 480),
       (3, 4, NULL, 'https://www.youtube.com/watch?v=AkjTGCrLvAU', 'Kirk Douglas - A Whale of a Tale', 'Taken from the motion picture - 20000 Leagues Under the Sea starring Kirk Douglas and others. *Captions/subtitles included!', 'https://i.ytimg.com/vi/AkjTGCrLvAU/hqdefault.jpg', 360, 480),
       (3, 5, NULL, 'https://www.youtube.com/watch?v=-30cGbrKsZA', 'The Snail Sets Sail On The Whales Tail! | Gruffalo World:  Snail &amp, The Whale', 'Gruffalo World is the official YouTube channel for all things Gruffalo! Featuring exclusive clips and activity films created especially for children - subscribe to be a ...', 'https://i.ytimg.com/vi/-30cGbrKsZA/hqdefault.jpg', 360, 480),
       (3, 6, NULL, 'https://www.youtube.com/watch?v=IafxqppPvgQ', 'Jesus Solo and Ensemble A Whales Tale @ UIL Austin May 31', 'Love your talents son, blessed to have been able to follow you this year!!', 'https://i.ytimg.com/vi/IafxqppPvgQ/hqdefault.jpg', 360, 480),
       (3, 7, NULL, 'https://www.youtube.com/watch?v=tVMe8baPGDA', 'Hope Works | A Whale’s Tale | Cartoon Network UK 🇬🇧', 'Under the sea a whale tries to help the smaller creatures who are struggling with plastic waste. On land a young boy seeks help to clear the sea in his area.', 'https://i.ytimg.com/vi/tVMe8baPGDA/hqdefault.jpg', 360, 480),
       (3, 8, NULL, 'https://www.youtube.com/watch?v=43vn7KvMa7g', 'A Whales Tale: Humpback mother and calf in Baja California, Mexico', 'Humpback whales visit Baja California, Mexico every winter to mate and give birth to their calves. This is the story of a Humpback mother and calf told from the ...', 'https://i.ytimg.com/vi/43vn7KvMa7g/hqdefault.jpg', 360, 480),
       (3, 9, NULL, 'https://www.youtube.com/watch?v=TYhJmxGy4J4', 'Paw Patrol | Pups and a Whale Tale | Nick Jr. UK', 'The pups put a new spin on freeze tag after they fly far north to help free a baby whale thats trapped under the ice. For more Nick Jr. activities and games visit ...', 'https://i.ytimg.com/vi/TYhJmxGy4J4/hqdefault.jpg', 360, 480),
       (3, 10, NULL, 'https://www.youtube.com/watch?v=78gr0zFghNc', '60 Minutes: A whale tale (2017)', 'Growing to eight metres, dwarf minke whales might be incongruously named but there is no doubt about their magnificence. They are also rather elusive ...', 'https://i.ytimg.com/vi/78gr0zFghNc/hqdefault.jpg', 360, 480);

INSERT INTO `lw_search_history_action` (`search_id`, `rank`, `action`, `created_at`)
VALUES (1, 3, 'resource_clicked', '2021-03-05 18:38:19'),
       (1, 4, 'resource_clicked', '2021-03-05 18:39:09'),
       (1, 1, 'resource_clicked', '2021-03-05 18:36:57'),
       (1, 2, 'resource_clicked', '2021-03-05 18:37:52'),
       (1, 2, 'resource_saved', '2021-03-05 18:38:21'),
       (1, 10, 'resource_clicked', '2021-03-05 18:39:36'),
       (3, 1, 'resource_clicked', '2021-03-05 07:42:54');
